// Auto-generated by tools/create_font_headers.py — do not edit manually.
// Source: JetBrainsMono Regular, subsetted to display chars.
#pragma once
#include <stdint.h>
#include <stddef.h>

static const uint8_t JetBrainsMonoFont[] PROGMEM = {
    0x00, 0x01, 0x00, 0x00, 0x00, 0x11, 0x01, 0x00, 0x00, 0x04, 0x00, 0x10, 0x47, 0x44, 0x45, 0x46,
    0x00, 0x11, 0x00, 0x15, 0x00, 0x00, 0x42, 0x5C, 0x00, 0x00, 0x00, 0x16, 0x47, 0x50, 0x4F, 0x53,
    0x44, 0x76, 0x4C, 0x75, 0x00, 0x00, 0x42, 0x74, 0x00, 0x00, 0x00, 0x20, 0x47, 0x53, 0x55, 0x42,
    0x4A, 0x0D, 0x5F, 0x64, 0x00, 0x00, 0x42, 0x94, 0x00, 0x00, 0x0B, 0x3C, 0x4F, 0x53, 0x2F, 0x32,
    0x13, 0x72, 0x58, 0x24, 0x00, 0x00, 0x2F, 0x64, 0x00, 0x00, 0x00, 0x60, 0x63, 0x6D, 0x61, 0x70,
    0x04, 0x24, 0x05, 0x11, 0x00, 0x00, 0x2F, 0xC4, 0x00, 0x00, 0x00, 0xBA, 0x63, 0x76, 0x74, 0x20,
    0x27, 0x58, 0x0F, 0x1A, 0x00, 0x00, 0x3F, 0x64, 0x00, 0x00, 0x00, 0xA8, 0x66, 0x70, 0x67, 0x6D,
    0x62, 0x2F, 0x03, 0x7F, 0x00, 0x00, 0x30, 0x80, 0x00, 0x00, 0x0E, 0x0C, 0x67, 0x61, 0x73, 0x70,
    0x00, 0x00, 0x00, 0x10, 0x00, 0x00, 0x42, 0x54, 0x00, 0x00, 0x00, 0x08, 0x67, 0x6C, 0x79, 0x66,
    0x54, 0xF8, 0xF0, 0xC4, 0x00, 0x00, 0x01, 0x1C, 0x00, 0x00, 0x2C, 0x1A, 0x68, 0x65, 0x61, 0x64,
    0x1B, 0x2B, 0x60, 0x83, 0x00, 0x00, 0x2E, 0x30, 0x00, 0x00, 0x00, 0x36, 0x68, 0x68, 0x65, 0x61,
    0x00, 0x35, 0x00, 0x89, 0x00, 0x00, 0x2F, 0x40, 0x00, 0x00, 0x00, 0x24, 0x68, 0x6D, 0x74, 0x78,
    0xE8, 0xC3, 0xDA, 0x9C, 0x00, 0x00, 0x2E, 0x68, 0x00, 0x00, 0x00, 0xD8, 0x6C, 0x6F, 0x63, 0x61,
    0x3A, 0xCE, 0x45, 0xD6, 0x00, 0x00, 0x2D, 0x58, 0x00, 0x00, 0x00, 0xD8, 0x6D, 0x61, 0x78, 0x70,
    0x09, 0x64, 0x14, 0x44, 0x00, 0x00, 0x2D, 0x38, 0x00, 0x00, 0x00, 0x20, 0x6E, 0x61, 0x6D, 0x65,
    0x2E, 0xD5, 0x46, 0xCC, 0x00, 0x00, 0x40, 0x0C, 0x00, 0x00, 0x02, 0x26, 0x70, 0x6F, 0x73, 0x74,
    0xFF, 0x68, 0x00, 0x33, 0x00, 0x00, 0x42, 0x34, 0x00, 0x00, 0x00, 0x20, 0x70, 0x72, 0x65, 0x70,
    0x8A, 0xCD, 0x9C, 0x1E, 0x00, 0x00, 0x3E, 0x8C, 0x00, 0x00, 0x00, 0xD6, 0x00, 0x02, 0x00, 0x32,
    0x00, 0x00, 0x02, 0x26, 0x02, 0xDA, 0x00, 0x07, 0x00, 0x10, 0x00, 0x2C, 0x40, 0x29, 0x0D, 0x01,
    0x04, 0x00, 0x01, 0x4C, 0x00, 0x04, 0x00, 0x02, 0x01, 0x04, 0x02, 0x68, 0x00, 0x00, 0x00, 0x38,
    0x4D, 0x05, 0x03, 0x02, 0x01, 0x01, 0x39, 0x01, 0x4E, 0x00, 0x00, 0x09, 0x08, 0x00, 0x07, 0x00,
    0x07, 0x11, 0x11, 0x11, 0x06, 0x09, 0x19, 0x2B, 0x33, 0x13, 0x33, 0x13, 0x23, 0x27, 0x23, 0x07,
    0x13, 0x33, 0x27, 0x26, 0x26, 0x27, 0x06, 0x06, 0x07, 0x32, 0xBE, 0x79, 0xBD, 0x5B, 0x30, 0xDD,
    0x30, 0x42, 0xB8, 0x38, 0x10, 0x12, 0x02, 0x02, 0x12, 0x10, 0x02, 0xDA, 0xFD, 0x26, 0xC2, 0xC2,
    0x01, 0x0E, 0xE1, 0x40, 0x56, 0x0D, 0x0D, 0x56, 0x3F, 0x00, 0x00, 0x03, 0x00, 0x5D, 0x00, 0x00,
    0x02, 0x12, 0x02, 0xDA, 0x00, 0x10, 0x00, 0x19, 0x00, 0x22, 0x00, 0x39, 0x40, 0x36, 0x08, 0x01,
    0x05, 0x02, 0x01, 0x4C, 0x00, 0x02, 0x00, 0x05, 0x04, 0x02, 0x05, 0x67, 0x00, 0x03, 0x03, 0x00,
    0x5F, 0x00, 0x00, 0x00, 0x38, 0x4D, 0x00, 0x04, 0x04, 0x01, 0x5F, 0x06, 0x01, 0x01, 0x01, 0x39,
    0x01, 0x4E, 0x00, 0x00, 0x22, 0x20, 0x1C, 0x1A, 0x19, 0x17, 0x13, 0x11, 0x00, 0x10, 0x00, 0x0F,
    0x21, 0x07, 0x09, 0x17, 0x2B, 0x33, 0x11, 0x33, 0x32, 0x16, 0x15, 0x14, 0x06, 0x07, 0x15, 0x1E,
    0x02, 0x15, 0x14, 0x06, 0x23, 0x03, 0x33, 0x32, 0x36, 0x35, 0x34, 0x26, 0x23, 0x23, 0x11, 0x33,
    0x32, 0x36, 0x35, 0x34, 0x26, 0x23, 0x23, 0x5D, 0xCF, 0x64, 0x71, 0x47, 0x39, 0x2B, 0x41, 0x25,
    0x73, 0x64, 0x86, 0x76, 0x3A, 0x43, 0x42, 0x3A, 0x77, 0x7C, 0x3F, 0x49, 0x49, 0x3F, 0x7C, 0x02,
    0xDA, 0x64, 0x59, 0x38, 0x5A, 0x0B, 0x03, 0x05, 0x32, 0x4D, 0x2E, 0x5E, 0x6D, 0x01, 0xA3, 0x3E,
    0x35, 0x35, 0x3E, 0xFD, 0xC8, 0x43, 0x3A, 0x3C, 0x4B, 0x00, 0x00, 0x01, 0x00, 0x5C, 0xFF, 0xF6,
    0x02, 0x0A, 0x02, 0xE4, 0x00, 0x1B, 0x00, 0x3B, 0x40, 0x38, 0x00, 0x02, 0x03, 0x05, 0x03, 0x02,
    0x05, 0x80, 0x00, 0x05, 0x04, 0x03, 0x05, 0x04, 0x7E, 0x00, 0x03, 0x03, 0x01, 0x61, 0x00, 0x01,
    0x01, 0x3E, 0x4D, 0x00, 0x04, 0x04, 0x00, 0x61, 0x06, 0x01, 0x00, 0x00, 0x3F, 0x00, 0x4E, 0x01,
    0x00, 0x19, 0x18, 0x16, 0x14, 0x0F, 0x0D, 0x0B, 0x0A, 0x08, 0x06, 0x00, 0x1B, 0x01, 0x1B, 0x07,
    0x09, 0x16, 0x2B, 0x05, 0x22, 0x26, 0x35, 0x11, 0x34, 0x36, 0x33, 0x32, 0x16, 0x15, 0x23, 0x34,
    0x26, 0x23, 0x22, 0x06, 0x15, 0x11, 0x14, 0x16, 0x33, 0x32, 0x36, 0x35, 0x33, 0x14, 0x06, 0x01,
    0x34, 0x64, 0x74, 0x74, 0x64, 0x62, 0x74, 0x5A, 0x41, 0x3B, 0x3B, 0x43, 0x43, 0x3B, 0x3B, 0x41,
    0x5A, 0x74, 0x0A, 0x70, 0x62, 0x01, 0x4A, 0x62, 0x70, 0x71, 0x61, 0x3E, 0x43, 0x43, 0x3E, 0xFE,
    0xB6, 0x3E, 0x43, 0x43, 0x3E, 0x61, 0x71, 0x00, 0x00, 0x02, 0x00, 0x5C, 0x00, 0x00, 0x02, 0x00,
    0x02, 0xDA, 0x00, 0x0B, 0x00, 0x15, 0x00, 0x27, 0x40, 0x24, 0x00, 0x03, 0x03, 0x00, 0x5F, 0x00,
    0x00, 0x00, 0x38, 0x4D, 0x00, 0x02, 0x02, 0x01, 0x5F, 0x04, 0x01, 0x01, 0x01, 0x39, 0x01, 0x4E,
    0x00, 0x00, 0x15, 0x13, 0x0E, 0x0C, 0x00, 0x0B, 0x00, 0x0A, 0x21, 0x05, 0x09, 0x17, 0x2B, 0x33,
    0x11, 0x33, 0x32, 0x16, 0x16, 0x15, 0x11, 0x14, 0x06, 0x06, 0x23, 0x27, 0x33, 0x32, 0x36, 0x35,
    0x11, 0x34, 0x26, 0x23, 0x23, 0x5C, 0xBD, 0x47, 0x67, 0x39, 0x39, 0x67, 0x47, 0x63, 0x63, 0x42,
    0x4B, 0x4B, 0x42, 0x63, 0x02, 0xDA, 0x36, 0x62, 0x43, 0xFE, 0xDD, 0x43, 0x63, 0x36, 0x50, 0x4A,
    0x42, 0x01, 0x23, 0x41, 0x4A, 0x00, 0x00, 0x01, 0x00, 0x64, 0x00, 0x00, 0x02, 0x08, 0x02, 0xDA,
    0x00, 0x0B, 0x00, 0x2F, 0x40, 0x2C, 0x00, 0x02, 0x00, 0x03, 0x04, 0x02, 0x03, 0x67, 0x00, 0x01,
    0x01, 0x00, 0x5F, 0x00, 0x00, 0x00, 0x38, 0x4D, 0x00, 0x04, 0x04, 0x05, 0x5F, 0x06, 0x01, 0x05,
    0x05, 0x39, 0x05, 0x4E, 0x00, 0x00, 0x00, 0x0B, 0x00, 0x0B, 0x11, 0x11, 0x11, 0x11, 0x11, 0x07,
    0x09, 0x1B, 0x2B, 0x33, 0x11, 0x21, 0x15, 0x21, 0x15, 0x21, 0x15, 0x21, 0x11, 0x21, 0x15, 0x64,
    0x01, 0xA4, 0xFE, 0xB5, 0x01, 0x28, 0xFE, 0xD8, 0x01, 0x4B, 0x02, 0xDA, 0x52, 0xE2, 0x50, 0xFE,
    0xFC, 0x52, 0x00, 0x01, 0x00, 0x5C, 0x00, 0x00, 0x02, 0x30, 0x02, 0xDA, 0x00, 0x0C, 0x00, 0x2D,
    0x40, 0x2A, 0x07, 0x01, 0x04, 0x01, 0x01, 0x4C, 0x00, 0x01, 0x00, 0x04, 0x03, 0x01, 0x04, 0x67,
    0x02, 0x01, 0x00, 0x00, 0x38, 0x4D, 0x06, 0x05, 0x02, 0x03, 0x03, 0x39, 0x03, 0x4E, 0x00, 0x00,
    0x00, 0x0C, 0x00, 0x0C, 0x11, 0x12, 0x11, 0x11, 0x11, 0x07, 0x09, 0x1B, 0x2B, 0x33, 0x11, 0x33,
    0x11, 0x33, 0x13, 0x33, 0x03, 0x13, 0x23, 0x03, 0x23, 0x11, 0x5C, 0x5A, 0x6C, 0xA2, 0x62, 0xB5,
    0xBF, 0x67, 0xAA, 0x69, 0x02, 0xDA, 0xFE, 0xC6, 0x01, 0x3A, 0xFE, 0xA0, 0xFE, 0x86, 0x01, 0x51,
    0xFE, 0xAF, 0x00, 0x01, 0x00, 0x82, 0x00, 0x00, 0x02, 0x26, 0x02, 0xDA, 0x00, 0x05, 0x00, 0x1F,
    0x40, 0x1C, 0x00, 0x00, 0x00, 0x38, 0x4D, 0x00, 0x01, 0x01, 0x02, 0x60, 0x03, 0x01, 0x02, 0x02,
    0x39, 0x02, 0x4E, 0x00, 0x00, 0x00, 0x05, 0x00, 0x05, 0x11, 0x11, 0x04, 0x09, 0x18, 0x2B, 0x33,
    0x11, 0x33, 0x11, 0x21, 0x15, 0x82, 0x5A, 0x01, 0x4A, 0x02, 0xDA, 0xFD, 0x78, 0x52, 0x00, 0x01,
    0x00, 0x48, 0x00, 0x00, 0x02, 0x10, 0x02, 0xDA, 0x00, 0x13, 0x00, 0x2E, 0x40, 0x2B, 0x0F, 0x0C,
    0x03, 0x03, 0x03, 0x00, 0x01, 0x4C, 0x00, 0x03, 0x00, 0x02, 0x00, 0x03, 0x02, 0x80, 0x01, 0x01,
    0x00, 0x00, 0x38, 0x4D, 0x05, 0x04, 0x02, 0x02, 0x02, 0x39, 0x02, 0x4E, 0x00, 0x00, 0x00, 0x13,
    0x00, 0x13, 0x16, 0x11, 0x12, 0x11, 0x06, 0x09, 0x1A, 0x2B, 0x33, 0x11, 0x33, 0x13, 0x13, 0x33,
    0x11, 0x23, 0x11, 0x34, 0x36, 0x36, 0x37, 0x03, 0x23, 0x03, 0x16, 0x16, 0x15, 0x11, 0x48, 0x85,
    0x5D, 0x61, 0x85, 0x57, 0x03, 0x06, 0x04, 0x76, 0x4E, 0x71, 0x08, 0x06, 0x02, 0xDA, 0xFE, 0xC4,
    0x01, 0x3C, 0xFD, 0x26, 0x01, 0x59, 0x31, 0x7F, 0x82, 0x34, 0xFE, 0x87, 0x01, 0x70, 0x4A, 0xB0,
    0x63, 0xFE, 0xA7, 0x00, 0x00, 0x01, 0x00, 0x5A, 0x00, 0x00, 0x01, 0xFE, 0x02, 0xDA, 0x00, 0x11,
    0x00, 0x24, 0x40, 0x21, 0x0C, 0x03, 0x02, 0x02, 0x00, 0x01, 0x4C, 0x01, 0x01, 0x00, 0x00, 0x38,
    0x4D, 0x04, 0x03, 0x02, 0x02, 0x02, 0x39, 0x02, 0x4E, 0x00, 0x00, 0x00, 0x11, 0x00, 0x11, 0x11,
    0x16, 0x11, 0x05, 0x09, 0x19, 0x2B, 0x33, 0x11, 0x33, 0x13, 0x2E, 0x02, 0x35, 0x11, 0x33, 0x11,
    0x23, 0x03, 0x1E, 0x02, 0x15, 0x11, 0x5A, 0x78, 0xDF, 0x02, 0x05, 0x03, 0x57, 0x78, 0xDE, 0x02,
    0x04, 0x03, 0x02, 0xDA, 0xFD, 0x8F, 0x19, 0x49, 0x51, 0x24, 0x01, 0x9A, 0xFD, 0x26, 0x02, 0x71,
    0x18, 0x49, 0x51, 0x25, 0xFE, 0x66, 0x00, 0x02, 0x00, 0x5C, 0x00, 0x00, 0x02, 0x26, 0x02, 0xDA,
    0x00, 0x0A, 0x00, 0x13, 0x00, 0x2B, 0x40, 0x28, 0x00, 0x03, 0x00, 0x01, 0x02, 0x03, 0x01, 0x67,
    0x00, 0x04, 0x04, 0x00, 0x5F, 0x00, 0x00, 0x00, 0x38, 0x4D, 0x05, 0x01, 0x02, 0x02, 0x39, 0x02,
    0x4E, 0x00, 0x00, 0x13, 0x11, 0x0D, 0x0B, 0x00, 0x0A, 0x00, 0x0A, 0x24, 0x21, 0x06, 0x09, 0x18,
    0x2B, 0x33, 0x11, 0x33, 0x32, 0x16, 0x15, 0x14, 0x06, 0x23, 0x23, 0x11, 0x11, 0x33, 0x32, 0x36,
    0x35, 0x34, 0x26, 0x23, 0x23, 0x5C, 0xEB, 0x66, 0x79, 0x79, 0x66, 0x91, 0x91, 0x3B, 0x47, 0x47,
    0x3B, 0x91, 0x02, 0xDA, 0x75, 0x62, 0x62, 0x75, 0xFE, 0xD4, 0x01, 0x7D, 0x49, 0x3D, 0x3E, 0x48,
    0x00, 0x01, 0x00, 0x48, 0xFF, 0xF6, 0x02, 0x10, 0x02, 0xE4, 0x00, 0x29, 0x00, 0x3B, 0x40, 0x38,
    0x00, 0x04, 0x05, 0x01, 0x05, 0x04, 0x01, 0x80, 0x00, 0x01, 0x02, 0x05, 0x01, 0x02, 0x7E, 0x00,
    0x05, 0x05, 0x03, 0x61, 0x00, 0x03, 0x03, 0x3E, 0x4D, 0x00, 0x02, 0x02, 0x00, 0x61, 0x06, 0x01,
    0x00, 0x00, 0x3F, 0x00, 0x4E, 0x01, 0x00, 0x1E, 0x1C, 0x1A, 0x19, 0x16, 0x14, 0x08, 0x06, 0x04,
    0x03, 0x00, 0x29, 0x01, 0x29, 0x07, 0x09, 0x16, 0x2B, 0x05, 0x22, 0x26, 0x35, 0x33, 0x14, 0x16,
    0x33, 0x32, 0x36, 0x35, 0x34, 0x26, 0x27, 0x27, 0x26, 0x26, 0x35, 0x34, 0x36, 0x36, 0x33, 0x32,
    0x16, 0x16, 0x15, 0x23, 0x34, 0x26, 0x23, 0x22, 0x06, 0x15, 0x14, 0x16, 0x17, 0x17, 0x16, 0x16,
    0x15, 0x14, 0x06, 0x01, 0x30, 0x6A, 0x7E, 0x5A, 0x4E, 0x40, 0x3E, 0x4A, 0x2F, 0x2C, 0x6F, 0x45,
    0x4F, 0x34, 0x5E, 0x3D, 0x3E, 0x5F, 0x36, 0x5A, 0x44, 0x35, 0x35, 0x42, 0x2B, 0x27, 0x72, 0x49,
    0x51, 0x7A, 0x0A, 0x70, 0x62, 0x3D, 0x45, 0x48, 0x3A, 0x2C, 0x41, 0x0C, 0x1F, 0x14, 0x67, 0x46,
    0x3A, 0x58, 0x31, 0x31, 0x57, 0x39, 0x32, 0x3F, 0x3F, 0x32, 0x28, 0x39, 0x0B, 0x20, 0x14, 0x6F,
    0x4C, 0x60, 0x72, 0x00, 0x00, 0x01, 0x00, 0x5A, 0xFF, 0xF6, 0x01, 0xFE, 0x02, 0xDA, 0x00, 0x11,
    0x00, 0x24, 0x40, 0x21, 0x03, 0x01, 0x01, 0x01, 0x38, 0x4D, 0x00, 0x02, 0x02, 0x00, 0x61, 0x04,
    0x01, 0x00, 0x00, 0x3F, 0x00, 0x4E, 0x01, 0x00, 0x0E, 0x0D, 0x0A, 0x08, 0x05, 0x04, 0x00, 0x11,
    0x01, 0x11, 0x05, 0x09, 0x16, 0x2B, 0x05, 0x22, 0x26, 0x35, 0x11, 0x33, 0x11, 0x14, 0x16, 0x33,
    0x32, 0x36, 0x35, 0x11, 0x33, 0x11, 0x14, 0x06, 0x01, 0x2C, 0x66, 0x6C, 0x5A, 0x3B, 0x3D, 0x3C,
    0x3C, 0x5A, 0x6B, 0x0A, 0x71, 0x61, 0x02, 0x12, 0xFD, 0xEE, 0x3C, 0x46, 0x46, 0x3C, 0x02, 0x12,
    0xFD, 0xEE, 0x62, 0x70, 0x00, 0x01, 0x00, 0x14, 0x00, 0x00, 0x02, 0x44, 0x02, 0xDA, 0x00, 0x1E,
    0x00, 0x26, 0x40, 0x23, 0x1A, 0x06, 0x02, 0x03, 0x00, 0x01, 0x4C, 0x02, 0x01, 0x02, 0x00, 0x00,
    0x38, 0x4D, 0x05, 0x04, 0x02, 0x03, 0x03, 0x39, 0x03, 0x4E, 0x00, 0x00, 0x00, 0x1E, 0x00, 0x1E,
    0x11, 0x18, 0x18, 0x11, 0x06, 0x09, 0x1A, 0x2B, 0x33, 0x03, 0x33, 0x13, 0x16, 0x16, 0x17, 0x36,
    0x36, 0x37, 0x13, 0x33, 0x13, 0x16, 0x16, 0x17, 0x36, 0x36, 0x37, 0x13, 0x33, 0x03, 0x23, 0x03,
    0x26, 0x26, 0x27, 0x06, 0x06, 0x07, 0x03, 0x6B, 0x57, 0x53, 0x39, 0x04, 0x04, 0x01, 0x02, 0x07,
    0x04, 0x48, 0x61, 0x42, 0x04, 0x08, 0x02, 0x02, 0x05, 0x04, 0x3B, 0x4F, 0x59, 0x71, 0x42, 0x04,
    0x04, 0x02, 0x02, 0x04, 0x05, 0x47, 0x02, 0xDA, 0xFD, 0xE4, 0x21, 0x47, 0x15, 0x15, 0x47, 0x21,
    0x02, 0x1C, 0xFD, 0xE4, 0x21, 0x47, 0x15, 0x15, 0x47, 0x21, 0x02, 0x1C, 0xFD, 0x26, 0x02, 0x26,
    0x22, 0x41, 0x12, 0x12, 0x41, 0x22, 0xFD, 0xDA, 0x00, 0x01, 0x00, 0x28, 0x00, 0x00, 0x02, 0x30,
    0x02, 0xDA, 0x00, 0x17, 0x00, 0x26, 0x40, 0x23, 0x13, 0x0D, 0x07, 0x01, 0x04, 0x02, 0x00, 0x01,
    0x4C, 0x01, 0x01, 0x00, 0x00, 0x38, 0x4D, 0x04, 0x03, 0x02, 0x02, 0x02, 0x39, 0x02, 0x4E, 0x00,
    0x00, 0x00, 0x17, 0x00, 0x17, 0x12, 0x18, 0x12, 0x05, 0x09, 0x19, 0x2B, 0x33, 0x13, 0x03, 0x33,
    0x17, 0x16, 0x16, 0x17, 0x36, 0x36, 0x37, 0x37, 0x33, 0x03, 0x13, 0x23, 0x27, 0x26, 0x26, 0x27,
    0x06, 0x06, 0x07, 0x07, 0x28, 0xD2, 0xC7, 0x68, 0x71, 0x09, 0x13, 0x06, 0x05, 0x13, 0x09, 0x73,
    0x63, 0xC7, 0xD2, 0x67, 0x7D, 0x09, 0x13, 0x05, 0x05, 0x13, 0x09, 0x7E, 0x01, 0x72, 0x01, 0x68,
    0xD8, 0x11, 0x27, 0x0B, 0x0B, 0x27, 0x11, 0xD8, 0xFE, 0x9E, 0xFE, 0x88, 0xE8, 0x11, 0x27, 0x0C,
    0x0C, 0x26, 0x11, 0xE9, 0x00, 0x02, 0x00, 0x43, 0xFF, 0xF6, 0x01, 0xFC, 0x02, 0x30, 0x00, 0x1B,
    0x00, 0x26, 0x00, 0x84, 0xB5, 0x18, 0x01, 0x06, 0x07, 0x01, 0x4C, 0x4B, 0xB0, 0x18, 0x50, 0x58,
    0x40, 0x28, 0x00, 0x03, 0x02, 0x01, 0x02, 0x03, 0x01, 0x80, 0x00, 0x01, 0x00, 0x07, 0x06, 0x01,
    0x07, 0x67, 0x00, 0x02, 0x02, 0x04, 0x61, 0x00, 0x04, 0x04, 0x41, 0x4D, 0x09, 0x01, 0x06, 0x06,
    0x00, 0x61, 0x05, 0x08, 0x02, 0x00, 0x00, 0x3F, 0x00, 0x4E, 0x1B, 0x40, 0x2C, 0x00, 0x03, 0x02,
    0x01, 0x02, 0x03, 0x01, 0x80, 0x00, 0x01, 0x00, 0x07, 0x06, 0x01, 0x07, 0x67, 0x00, 0x02, 0x02,
    0x04, 0x61, 0x00, 0x04, 0x04, 0x41, 0x4D, 0x00, 0x05, 0x05, 0x39, 0x4D, 0x09, 0x01, 0x06, 0x06,
    0x00, 0x61, 0x08, 0x01, 0x00, 0x00, 0x3F, 0x00, 0x4E, 0x59, 0x40, 0x1B, 0x1D, 0x1C, 0x01, 0x00,
    0x22, 0x20, 0x1C, 0x26, 0x1D, 0x26, 0x17, 0x16, 0x13, 0x11, 0x0F, 0x0E, 0x0C, 0x0A, 0x08, 0x06,
    0x00, 0x1B, 0x01, 0x1B, 0x0A, 0x09, 0x16, 0x2B, 0x17, 0x22, 0x26, 0x35, 0x34, 0x36, 0x36, 0x33,
    0x33, 0x35, 0x34, 0x23, 0x22, 0x06, 0x07, 0x23, 0x36, 0x36, 0x33, 0x32, 0x16, 0x15, 0x11, 0x23,
    0x35, 0x23, 0x06, 0x06, 0x27, 0x32, 0x36, 0x35, 0x35, 0x23, 0x22, 0x06, 0x15, 0x14, 0x16, 0xFC,
    0x55, 0x64, 0x2E, 0x52, 0x35, 0xAA, 0x75, 0x34, 0x40, 0x02, 0x5A, 0x05, 0x6F, 0x5C, 0x64, 0x6B,
    0x59, 0x02, 0x08, 0x56, 0x31, 0x42, 0x4E, 0xA0, 0x2C, 0x37, 0x3D, 0x0A, 0x5F, 0x4D, 0x33, 0x4C,
    0x2B, 0x2B, 0x6B, 0x26, 0x22, 0x41, 0x55, 0x60, 0x56, 0xFE, 0x86, 0x64, 0x33, 0x3B, 0x4C, 0x40,
    0x37, 0x4D, 0x35, 0x2C, 0x2E, 0x35, 0x00, 0x02, 0x00, 0x58, 0xFF, 0x4C, 0x01, 0xFB, 0x02, 0x30,
    0x00, 0x1C, 0x00, 0x2A, 0x00, 0x6F, 0xB6, 0x15, 0x07, 0x02, 0x05, 0x06, 0x01, 0x4C, 0x4B, 0xB0,
    0x18, 0x50, 0x58, 0x40, 0x20, 0x08, 0x01, 0x05, 0x00, 0x01, 0x00, 0x05, 0x01, 0x69, 0x00, 0x06,
    0x06, 0x02, 0x61, 0x03, 0x01, 0x02, 0x02, 0x41, 0x4D, 0x00, 0x00, 0x00, 0x04, 0x5F, 0x07, 0x01,
    0x04, 0x04, 0x3D, 0x04, 0x4E, 0x1B, 0x40, 0x24, 0x08, 0x01, 0x05, 0x00, 0x01, 0x00, 0x05, 0x01,
    0x69, 0x00, 0x03, 0x03, 0x3B, 0x4D, 0x00, 0x06, 0x06, 0x02, 0x61, 0x00, 0x02, 0x02, 0x41, 0x4D,
    0x00, 0x00, 0x00, 0x04, 0x5F, 0x07, 0x01, 0x04, 0x04, 0x3D, 0x04, 0x4E, 0x59, 0x40, 0x15, 0x1E,
    0x1D, 0x00, 0x00, 0x25, 0x23, 0x1D, 0x2A, 0x1E, 0x2A, 0x00, 0x1C, 0x00, 0x1B, 0x14, 0x25, 0x27,
    0x21, 0x09, 0x09, 0x1A, 0x2B, 0x17, 0x35, 0x33, 0x32, 0x36, 0x35, 0x35, 0x37, 0x23, 0x06, 0x06,
    0x23, 0x22, 0x26, 0x35, 0x35, 0x34, 0x36, 0x33, 0x32, 0x16, 0x17, 0x33, 0x35, 0x33, 0x11, 0x14,
    0x06, 0x23, 0x03, 0x32, 0x36, 0x35, 0x35, 0x34, 0x26, 0x23, 0x22, 0x06, 0x15, 0x15, 0x14, 0x16,
    0xA1, 0x9B, 0x2F, 0x36, 0x02, 0x03, 0x08, 0x4E, 0x3B, 0x55, 0x62, 0x62, 0x55, 0x3B, 0x4E, 0x08,
    0x02, 0x59, 0x67, 0x59, 0x11, 0x38, 0x40, 0x40, 0x38, 0x39, 0x3F, 0x3F, 0xB4, 0x52, 0x35, 0x2D,
    0x32, 0x5A, 0x31, 0x35, 0x6C, 0x5E, 0x74, 0x5E, 0x6E, 0x38, 0x31, 0x5F, 0xFD, 0xDA, 0x53, 0x61,
    0x01, 0x25, 0x46, 0x3E, 0x69, 0x3E, 0x46, 0x42, 0x38, 0x7D, 0x38, 0x42, 0x00, 0x01, 0x00, 0x5C,
    0x00, 0x00, 0x01, 0xFE, 0x02, 0xDA, 0x00, 0x14, 0x00, 0x2D, 0x40, 0x2A, 0x03, 0x01, 0x02, 0x03,
    0x01, 0x4C, 0x00, 0x00, 0x00, 0x38, 0x4D, 0x00, 0x03, 0x03, 0x01, 0x61, 0x00, 0x01, 0x01, 0x41,
    0x4D, 0x05, 0x04, 0x02, 0x02, 0x02, 0x39, 0x02, 0x4E, 0x00, 0x00, 0x00, 0x14, 0x00, 0x14, 0x23,
    0x13, 0x24, 0x11, 0x06, 0x09, 0x1A, 0x2B, 0x33, 0x11, 0x33, 0x11, 0x33, 0x36, 0x36, 0x33, 0x32,
    0x16, 0x15, 0x11, 0x23, 0x11, 0x34, 0x26, 0x23, 0x22, 0x06, 0x15, 0x11, 0x5C, 0x5A, 0x01, 0x07,
    0x4C, 0x3F, 0x53, 0x62, 0x5A, 0x3F, 0x36, 0x38, 0x41, 0x02, 0xDA, 0xFE, 0xE3, 0x37, 0x3C, 0x66,
    0x58, 0xFE, 0x8E, 0x01, 0x63, 0x3E, 0x43, 0x46, 0x40, 0xFE, 0xA2, 0x00, 0x00, 0x01, 0x00, 0x61,
    0x00, 0x00, 0x02, 0x2F, 0x02, 0xDA, 0x00, 0x0C, 0x00, 0x31, 0x40, 0x2E, 0x07, 0x01, 0x04, 0x01,
    0x01, 0x4C, 0x00, 0x01, 0x00, 0x04, 0x03, 0x01, 0x04, 0x67, 0x00, 0x00, 0x00, 0x38, 0x4D, 0x00,
    0x02, 0x02, 0x3B, 0x4D, 0x06, 0x05, 0x02, 0x03, 0x03, 0x39, 0x03, 0x4E, 0x00, 0x00, 0x00, 0x0C,
    0x00, 0x0C, 0x11, 0x12, 0x11, 0x11, 0x11, 0x07, 0x09, 0x1B, 0x2B, 0x33, 0x11, 0x33, 0x11, 0x33,
    0x37, 0x33, 0x03, 0x13, 0x23, 0x27, 0x23, 0x15, 0x61, 0x5A, 0x69, 0x9A, 0x67, 0xB1, 0xBB, 0x69,
    0xA0, 0x6B, 0x02, 0xDA, 0xFE, 0x69, 0xE3, 0xFE, 0xFA, 0xFE, 0xE0, 0xF5, 0xF5, 0x00, 0x00, 0x01,
    0x00, 0x5A, 0xFF, 0xF6, 0x01, 0xFE, 0x02, 0x26, 0x00, 0x11, 0x00, 0x24, 0x40, 0x21, 0x03, 0x01,
    0x01, 0x01, 0x3B, 0x4D, 0x00, 0x02, 0x02, 0x00, 0x61, 0x04, 0x01, 0x00, 0x00, 0x3F, 0x00, 0x4E,
    0x01, 0x00, 0x0E, 0x0D, 0x0A, 0x08, 0x05, 0x04, 0x00, 0x11, 0x01, 0x11, 0x05, 0x09, 0x16, 0x2B,
    0x05, 0x22, 0x26, 0x35, 0x11, 0x33, 0x11, 0x14, 0x16, 0x33, 0x32, 0x36, 0x35, 0x11, 0x33, 0x11,
    0x14, 0x06, 0x01, 0x2B, 0x5F, 0x72, 0x5A, 0x40, 0x37, 0x38, 0x41, 0x5A, 0x74, 0x0A, 0x71, 0x61,
    0x01, 0x5E, 0xFE, 0xA2, 0x3C, 0x47, 0x47, 0x3C, 0x01, 0x5E, 0xFE, 0xA2, 0x61, 0x71, 0x00, 0x01,
    0x00, 0x5A, 0x00, 0x00, 0x01, 0xFE, 0x02, 0x26, 0x00, 0x09, 0x00, 0x2C, 0x40, 0x29, 0x06, 0x01,
    0x02, 0x02, 0x00, 0x01, 0x4C, 0x00, 0x00, 0x00, 0x01, 0x5F, 0x00, 0x01, 0x01, 0x3B, 0x4D, 0x00,
    0x02, 0x02, 0x03, 0x5F, 0x04, 0x01, 0x03, 0x03, 0x39, 0x03, 0x4E, 0x00, 0x00, 0x00, 0x09, 0x00,
    0x09, 0x12, 0x11, 0x12, 0x05, 0x09, 0x19, 0x2B, 0x33, 0x35, 0x01, 0x21, 0x35, 0x21, 0x15, 0x01,
    0x21, 0x15, 0x5A, 0x01, 0x34, 0xFE, 0xD4, 0x01, 0x91, 0xFE, 0xC6, 0x01, 0x45, 0x5A, 0x01, 0x7A,
    0x52, 0x5A, 0xFE, 0x86, 0x52, 0x00, 0x00, 0x03, 0x00, 0x50, 0xFF, 0xF6, 0x02, 0x08, 0x02, 0xE4,
    0x00, 0x0E, 0x00, 0x1C, 0x00, 0x28, 0x00, 0x3E, 0x40, 0x3B, 0x00, 0x05, 0x08, 0x01, 0x04, 0x02,
    0x05, 0x04, 0x69, 0x00, 0x03, 0x03, 0x01, 0x61, 0x00, 0x01, 0x01, 0x3E, 0x4D, 0x07, 0x01, 0x02,
    0x02, 0x00, 0x61, 0x06, 0x01, 0x00, 0x00, 0x3F, 0x00, 0x4E, 0x1E, 0x1D, 0x10, 0x0F, 0x01, 0x00,
    0x24, 0x22, 0x1D, 0x28, 0x1E, 0x28, 0x17, 0x15, 0x0F, 0x1C, 0x10, 0x1C, 0x08, 0x06, 0x00, 0x0E,
    0x01, 0x0E, 0x09, 0x09, 0x16, 0x2B, 0x05, 0x22, 0x26, 0x35, 0x11, 0x34, 0x36, 0x33, 0x32, 0x16,
    0x15, 0x11, 0x14, 0x06, 0x06, 0x27, 0x32, 0x36, 0x35, 0x11, 0x34, 0x26, 0x23, 0x22, 0x06, 0x15,
    0x11, 0x14, 0x16, 0x37, 0x22, 0x26, 0x35, 0x34, 0x36, 0x33, 0x32, 0x16, 0x15, 0x14, 0x06, 0x01,
    0x2C, 0x65, 0x77, 0x77, 0x65, 0x65, 0x77, 0x36, 0x63, 0x43, 0x3C, 0x49, 0x49, 0x3C, 0x3C, 0x49,
    0x49, 0x3C, 0x1B, 0x21, 0x21, 0x1B, 0x1B, 0x21, 0x21, 0x0A, 0x75, 0x62, 0x01, 0x40, 0x62, 0x75,
    0x75, 0x62, 0xFE, 0xC0, 0x41, 0x61, 0x35, 0x4D, 0x4D, 0x3D, 0x01, 0x40, 0x3D, 0x4D, 0x4D, 0x3D,
    0xFE, 0xC0, 0x3D, 0x4D, 0xF3, 0x1E, 0x1C, 0x1B, 0x1D, 0x1D, 0x1B, 0x1C, 0x1E, 0x00, 0x00, 0x01,
    0x00, 0x5A, 0x00, 0x00, 0x02, 0x1C, 0x02, 0xDA, 0x00, 0x0A, 0x00, 0x29, 0x40, 0x26, 0x05, 0x04,
    0x03, 0x03, 0x00, 0x01, 0x01, 0x4C, 0x00, 0x01, 0x01, 0x38, 0x4D, 0x02, 0x01, 0x00, 0x00, 0x03,
    0x60, 0x04, 0x01, 0x03, 0x03, 0x39, 0x03, 0x4E, 0x00, 0x00, 0x00, 0x0A, 0x00, 0x0A, 0x11, 0x14,
    0x11, 0x05, 0x09, 0x19, 0x2B, 0x33, 0x35, 0x33, 0x11, 0x07, 0x35, 0x37, 0x33, 0x11, 0x33, 0x15,
    0x5A, 0xC6, 0xC6, 0xA5, 0x7B, 0xA2, 0x52, 0x02, 0x3A, 0x94, 0x67, 0x7B, 0xFD, 0x78, 0x52, 0x00,
    0x00, 0x01, 0x00, 0x4C, 0x00, 0x00, 0x02, 0x0F, 0x02, 0xE4, 0x00, 0x18, 0x00, 0x34, 0x40, 0x31,
    0x01, 0x01, 0x03, 0x01, 0x01, 0x4C, 0x00, 0x01, 0x00, 0x03, 0x00, 0x01, 0x03, 0x80, 0x00, 0x00,
    0x00, 0x02, 0x61, 0x00, 0x02, 0x02, 0x3E, 0x4D, 0x00, 0x03, 0x03, 0x04, 0x5F, 0x05, 0x01, 0x04,
    0x04, 0x39, 0x04, 0x4E, 0x00, 0x00, 0x00, 0x18, 0x00, 0x18, 0x16, 0x22, 0x12, 0x27, 0x06, 0x09,
    0x1A, 0x2B, 0x33, 0x35, 0x13, 0x36, 0x36, 0x35, 0x34, 0x26, 0x23, 0x22, 0x06, 0x15, 0x23, 0x36,
    0x36, 0x33, 0x32, 0x16, 0x15, 0x14, 0x06, 0x07, 0x07, 0x21, 0x15, 0x56, 0xF3, 0x35, 0x2C, 0x45,
    0x3B, 0x3D, 0x47, 0x5A, 0x03, 0x78, 0x63, 0x65, 0x77, 0x39, 0x45, 0xC5, 0x01, 0x4C, 0x53, 0x01,
    0x04, 0x38, 0x58, 0x2A, 0x3C, 0x47, 0x49, 0x3E, 0x63, 0x74, 0x72, 0x62, 0x34, 0x74, 0x48, 0xCE,
    0x52, 0x00, 0x00, 0x01, 0x00, 0x46, 0xFF, 0xF6, 0x01, 0xFE, 0x02, 0xDA, 0x00, 0x1C, 0x00, 0x43,
    0x40, 0x40, 0x16, 0x15, 0x10, 0x03, 0x03, 0x04, 0x01, 0x4C, 0x00, 0x03, 0x04, 0x01, 0x04, 0x03,
    0x01, 0x80, 0x00, 0x01, 0x02, 0x04, 0x01, 0x02, 0x7E, 0x00, 0x04, 0x04, 0x05, 0x5F, 0x00, 0x05,
    0x05, 0x38, 0x4D, 0x00, 0x02, 0x02, 0x00, 0x61, 0x06, 0x01, 0x00, 0x00, 0x3F, 0x00, 0x4E, 0x01,
    0x00, 0x14, 0x13, 0x12, 0x11, 0x0F, 0x0D, 0x08, 0x06, 0x04, 0x03, 0x00, 0x1C, 0x01, 0x1C, 0x07,
    0x09, 0x16, 0x2B, 0x05, 0x22, 0x26, 0x35, 0x33, 0x14, 0x16, 0x33, 0x32, 0x36, 0x35, 0x35, 0x34,
    0x26, 0x23, 0x23, 0x35, 0x37, 0x21, 0x35, 0x21, 0x15, 0x07, 0x16, 0x16, 0x15, 0x15, 0x14, 0x06,
    0x01, 0x21, 0x65, 0x76, 0x5A, 0x46, 0x3C, 0x3C, 0x46, 0x46, 0x3C, 0x4F, 0xB3, 0xFE, 0xD4, 0x01,
    0x92, 0xB0, 0x5A, 0x68, 0x77, 0x0A, 0x71, 0x61, 0x3C, 0x46, 0x46, 0x3C, 0x32, 0x3C, 0x46, 0x4E,
    0xBE, 0x52, 0x54, 0xBB, 0x07, 0x6F, 0x5B, 0x32, 0x61, 0x71, 0x00, 0x01, 0x00, 0x46, 0x00, 0x00,
    0x01, 0xEA, 0x02, 0xDA, 0x00, 0x0B, 0x00, 0x30, 0x40, 0x2D, 0x06, 0x03, 0x02, 0x02, 0x03, 0x01,
    0x4C, 0x00, 0x02, 0x00, 0x00, 0x04, 0x02, 0x00, 0x68, 0x00, 0x01, 0x01, 0x38, 0x4D, 0x00, 0x03,
    0x03, 0x04, 0x5F, 0x05, 0x01, 0x04, 0x04, 0x39, 0x04, 0x4E, 0x00, 0x00, 0x00, 0x0B, 0x00, 0x0B,
    0x11, 0x12, 0x12, 0x11, 0x06, 0x09, 0x1A, 0x2B, 0x21, 0x35, 0x21, 0x35, 0x01, 0x33, 0x01, 0x15,
    0x33, 0x35, 0x33, 0x11, 0x01, 0x90, 0xFE, 0xB6, 0x01, 0x0A, 0x66, 0xFE, 0xEA, 0xF0, 0x5A, 0xA0,
    0x8D, 0x01, 0xAD, 0xFE, 0x3F, 0x27, 0xB2, 0xFE, 0x5C, 0x00, 0x00, 0x01, 0x00, 0x4B, 0xFF, 0xF6,
    0x02, 0x03, 0x02, 0xDA, 0x00, 0x1B, 0x00, 0x3E, 0x40, 0x3B, 0x00, 0x01, 0x03, 0x02, 0x03, 0x01,
    0x02, 0x80, 0x00, 0x06, 0x00, 0x03, 0x01, 0x06, 0x03, 0x67, 0x00, 0x05, 0x05, 0x04, 0x5F, 0x00,
    0x04, 0x04, 0x38, 0x4D, 0x00, 0x02, 0x02, 0x00, 0x61, 0x07, 0x01, 0x00, 0x00, 0x3F, 0x00, 0x4E,
    0x01, 0x00, 0x16, 0x14, 0x13, 0x12, 0x11, 0x10, 0x0F, 0x0D, 0x08, 0x06, 0x04, 0x03, 0x00, 0x1B,
    0x01, 0x1B, 0x08, 0x09, 0x16, 0x2B, 0x05, 0x22, 0x26, 0x35, 0x33, 0x14, 0x16, 0x33, 0x32, 0x36,
    0x35, 0x35, 0x34, 0x26, 0x23, 0x23, 0x11, 0x21, 0x15, 0x21, 0x17, 0x33, 0x32, 0x16, 0x15, 0x15,
    0x14, 0x06, 0x01, 0x26, 0x65, 0x76, 0x5A, 0x46, 0x3C, 0x3C, 0x46, 0x44, 0x3A, 0xC7, 0x01, 0x85,
    0xFE, 0xCF, 0x02, 0x76, 0x65, 0x6E, 0x77, 0x0A, 0x71, 0x61, 0x3C, 0x46, 0x46, 0x3C, 0x2D, 0x3C,
    0x46, 0x01, 0x63, 0x52, 0xBF, 0x6F, 0x65, 0x2D, 0x61, 0x71, 0x00, 0x02, 0x00, 0x40, 0xFF, 0xF6,
    0x02, 0x18, 0x02, 0xDA, 0x00, 0x15, 0x00, 0x21, 0x00, 0x38, 0x40, 0x35, 0x0A, 0x01, 0x04, 0x02,
    0x01, 0x4C, 0x00, 0x02, 0x00, 0x04, 0x03, 0x02, 0x04, 0x6A, 0x00, 0x01, 0x01, 0x38, 0x4D, 0x06,
    0x01, 0x03, 0x03, 0x00, 0x61, 0x05, 0x01, 0x00, 0x00, 0x3F, 0x00, 0x4E, 0x17, 0x16, 0x01, 0x00,
    0x1D, 0x1B, 0x16, 0x21, 0x17, 0x21, 0x0F, 0x0D, 0x09, 0x08, 0x00, 0x15, 0x01, 0x15, 0x07, 0x09,
    0x16, 0x2B, 0x05, 0x22, 0x26, 0x26, 0x35, 0x34, 0x36, 0x37, 0x13, 0x33, 0x03, 0x17, 0x36, 0x36,
    0x33, 0x32, 0x16, 0x16, 0x15, 0x14, 0x06, 0x06, 0x27, 0x32, 0x36, 0x35, 0x34, 0x26, 0x23, 0x22,
    0x06, 0x15, 0x14, 0x16, 0x01, 0x2D, 0x46, 0x6B, 0x3C, 0x24, 0x1F, 0xA9, 0x64, 0xB4, 0x03, 0x0D,
    0x34, 0x1F, 0x41, 0x61, 0x37, 0x3C, 0x69, 0x47, 0x41, 0x51, 0x51, 0x41, 0x41, 0x51, 0x51, 0x0A,
    0x3B, 0x69, 0x45, 0x30, 0x65, 0x37, 0x01, 0x2F, 0xFE, 0xC7, 0x02, 0x11, 0x12, 0x39, 0x64, 0x42,
    0x46, 0x6B, 0x3C, 0x50, 0x56, 0x45, 0x45, 0x56, 0x56, 0x45, 0x45, 0x56, 0x00, 0x01, 0x00, 0x52,
    0x00, 0x00, 0x02, 0x22, 0x02, 0xDA, 0x00, 0x08, 0x00, 0x52, 0xB5, 0x07, 0x01, 0x01, 0x00, 0x01,
    0x4C, 0x4B, 0xB0, 0x0A, 0x50, 0x58, 0x40, 0x18, 0x00, 0x01, 0x00, 0x03, 0x00, 0x01, 0x72, 0x00,
    0x00, 0x00, 0x02, 0x5F, 0x00, 0x02, 0x02, 0x38, 0x4D, 0x04, 0x01, 0x03, 0x03, 0x39, 0x03, 0x4E,
    0x1B, 0x40, 0x19, 0x00, 0x01, 0x00, 0x03, 0x00, 0x01, 0x03, 0x80, 0x00, 0x00, 0x00, 0x02, 0x5F,
    0x00, 0x02, 0x02, 0x38, 0x4D, 0x04, 0x01, 0x03, 0x03, 0x39, 0x03, 0x4E, 0x59, 0x40, 0x0C, 0x00,
    0x00, 0x00, 0x08, 0x00, 0x08, 0x11, 0x11, 0x11, 0x05, 0x09, 0x19, 0x2B, 0x33, 0x01, 0x21, 0x15,
    0x23, 0x35, 0x21, 0x15, 0x01, 0xBE, 0x01, 0x04, 0xFE, 0xEA, 0x5A, 0x01, 0xD0, 0xFE, 0xFE, 0x02,
    0x88, 0x76, 0xC8, 0x54, 0xFD, 0x7A, 0x00, 0x03, 0x00, 0x42, 0xFF, 0xF6, 0x02, 0x16, 0x02, 0xE4,
    0x00, 0x1D, 0x00, 0x29, 0x00, 0x35, 0x00, 0x45, 0x40, 0x42, 0x16, 0x07, 0x02, 0x05, 0x02, 0x01,
    0x4C, 0x07, 0x01, 0x02, 0x00, 0x05, 0x04, 0x02, 0x05, 0x69, 0x00, 0x03, 0x03, 0x01, 0x61, 0x00,
    0x01, 0x01, 0x3E, 0x4D, 0x08, 0x01, 0x04, 0x04, 0x00, 0x61, 0x06, 0x01, 0x00, 0x00, 0x3F, 0x00,
    0x4E, 0x2B, 0x2A, 0x1F, 0x1E, 0x01, 0x00, 0x31, 0x2F, 0x2A, 0x35, 0x2B, 0x35, 0x25, 0x23, 0x1E,
    0x29, 0x1F, 0x29, 0x10, 0x0E, 0x00, 0x1D, 0x01, 0x1D, 0x09, 0x09, 0x16, 0x2B, 0x05, 0x22, 0x26,
    0x26, 0x35, 0x34, 0x36, 0x37, 0x35, 0x26, 0x26, 0x35, 0x34, 0x36, 0x36, 0x33, 0x32, 0x16, 0x16,
    0x15, 0x14, 0x06, 0x07, 0x15, 0x16, 0x16, 0x15, 0x14, 0x06, 0x06, 0x03, 0x32, 0x36, 0x35, 0x34,
    0x26, 0x23, 0x22, 0x06, 0x15, 0x14, 0x16, 0x13, 0x32, 0x36, 0x35, 0x34, 0x26, 0x23, 0x22, 0x06,
    0x15, 0x14, 0x16, 0x01, 0x2C, 0x45, 0x6A, 0x3B, 0x4F, 0x42, 0x39, 0x44, 0x36, 0x61, 0x3F, 0x40,
    0x60, 0x36, 0x44, 0x39, 0x42, 0x4F, 0x3B, 0x69, 0x46, 0x38, 0x44, 0x44, 0x38, 0x37, 0x45, 0x45,
    0x37, 0x40, 0x50, 0x50, 0x40, 0x40, 0x50, 0x50, 0x0A, 0x36, 0x61, 0x3F, 0x45, 0x64, 0x0B, 0x03,
    0x0D, 0x59, 0x3A, 0x39, 0x57, 0x31, 0x31, 0x57, 0x39, 0x3A, 0x59, 0x0D, 0x03, 0x0B, 0x64, 0x45,
    0x3F, 0x61, 0x36, 0x01, 0xB0, 0x42, 0x35, 0x35, 0x42, 0x42, 0x35, 0x35, 0x42, 0xFE, 0xA1, 0x4B,
    0x3C, 0x3D, 0x4B, 0x4B, 0x3D, 0x3C, 0x4B, 0x00, 0x00, 0x02, 0x00, 0x40, 0x00, 0x00, 0x02, 0x18,
    0x02, 0xE4, 0x00, 0x15, 0x00, 0x21, 0x00, 0x36, 0x40, 0x33, 0x01, 0x01, 0x00, 0x03, 0x01, 0x4C,
    0x06, 0x01, 0x03, 0x00, 0x00, 0x02, 0x03, 0x00, 0x69, 0x00, 0x04, 0x04, 0x01, 0x61, 0x00, 0x01,
    0x01, 0x3E, 0x4D, 0x05, 0x01, 0x02, 0x02, 0x39, 0x02, 0x4E, 0x17, 0x16, 0x00, 0x00, 0x1D, 0x1B,
    0x16, 0x21, 0x17, 0x21, 0x00, 0x15, 0x00, 0x15, 0x26, 0x24, 0x07, 0x09, 0x18, 0x2B, 0x33, 0x13,
    0x27, 0x06, 0x06, 0x23, 0x22, 0x26, 0x26, 0x35, 0x34, 0x36, 0x36, 0x33, 0x32, 0x16, 0x16, 0x15,
    0x14, 0x06, 0x07, 0x03, 0x11, 0x32, 0x36, 0x35, 0x34, 0x26, 0x23, 0x22, 0x06, 0x15, 0x14, 0x16,
    0xC3, 0xB4, 0x03, 0x0A, 0x36, 0x20, 0x3F, 0x5F, 0x36, 0x3C, 0x6A, 0x45, 0x47, 0x6A, 0x3C, 0x24,
    0x1F, 0xA9, 0x41, 0x51, 0x51, 0x41, 0x41, 0x51, 0x51, 0x01, 0x39, 0x02, 0x10, 0x13, 0x39, 0x64,
    0x42, 0x47, 0x6A, 0x3C, 0x3B, 0x69, 0x45, 0x30, 0x65, 0x37, 0xFE, 0xD1, 0x01, 0x5E, 0x56, 0x45,
    0x45, 0x56, 0x56, 0x45, 0x45, 0x56, 0xFF, 0xFF, 0x00, 0x89, 0xFF, 0xFB, 0x01, 0xCF, 0x01, 0xC5,
    0x03, 0x07, 0x00, 0x33, 0x00, 0x00, 0xFE, 0x82, 0x00, 0x09, 0xB1, 0x00, 0x02, 0xB8, 0xFE, 0x82,
    0xB0, 0x35, 0x2B, 0x00, 0xFF, 0xFF, 0x00, 0x96, 0x00, 0x00, 0x01, 0xE0, 0x01, 0xC0, 0x03, 0x07,
    0x00, 0x34, 0x00, 0x00, 0xFE, 0x82, 0x00, 0x09, 0xB1, 0x00, 0x01, 0xB8, 0xFE, 0x82, 0xB0, 0x35,
    0x2B, 0x00, 0xFF, 0xFF, 0x00, 0x93, 0x00, 0x00, 0x01, 0xC9, 0x01, 0xC5, 0x03, 0x07, 0x00, 0x35,
    0x00, 0x00, 0xFE, 0x82, 0x00, 0x09, 0xB1, 0x00, 0x01, 0xB8, 0xFE, 0x82, 0xB0, 0x35, 0x2B, 0x00,
    0xFF, 0xFF, 0x00, 0x8B, 0xFF, 0xFB, 0x01, 0xCE, 0x01, 0xC0, 0x03, 0x07, 0x00, 0x36, 0x00, 0x00,
    0xFE, 0x82, 0x00, 0x09, 0xB1, 0x00, 0x01, 0xB8, 0xFE, 0x82, 0xB0, 0x35, 0x2B, 0x00, 0xFF, 0xFF,
    0x00, 0x8F, 0x00, 0x00, 0x01, 0xBD, 0x01, 0xC0, 0x03, 0x07, 0x00, 0x37, 0x00, 0x00, 0xFE, 0x82,
    0x00, 0x09, 0xB1, 0x00, 0x01, 0xB8, 0xFE, 0x82, 0xB0, 0x35, 0x2B, 0x00, 0xFF, 0xFF, 0x00, 0x8D,
    0xFF, 0xFB, 0x01, 0xCF, 0x01, 0xC0, 0x03, 0x07, 0x00, 0x38, 0x00, 0x00, 0xFE, 0x82, 0x00, 0x09,
    0xB1, 0x00, 0x01, 0xB8, 0xFE, 0x82, 0xB0, 0x35, 0x2B, 0x00, 0xFF, 0xFF, 0x00, 0x86, 0xFF, 0xFB,
    0x01, 0xD2, 0x01, 0xC0, 0x03, 0x07, 0x00, 0x39, 0x00, 0x00, 0xFE, 0x82, 0x00, 0x09, 0xB1, 0x00,
    0x02, 0xB8, 0xFE, 0x82, 0xB0, 0x35, 0x2B, 0x00, 0xFF, 0xFF, 0x00, 0x94, 0x00, 0x00, 0x01, 0xCE,
    0x01, 0xC0, 0x03, 0x07, 0x00, 0x3A, 0x00, 0x00, 0xFE, 0x82, 0x00, 0x09, 0xB1, 0x00, 0x01, 0xB8,
    0xFE, 0x82, 0xB0, 0x35, 0x2B, 0x00, 0xFF, 0xFF, 0x00, 0x87, 0xFF, 0xFB, 0x01, 0xD1, 0x01, 0xC5,
    0x03, 0x07, 0x00, 0x3B, 0x00, 0x00, 0xFE, 0x82, 0x00, 0x09, 0xB1, 0x00, 0x03, 0xB8, 0xFE, 0x82,
    0xB0, 0x35, 0x2B, 0x00, 0xFF, 0xFF, 0x00, 0x8B, 0x00, 0x00, 0x01, 0xCD, 0x01, 0xC5, 0x03, 0x07,
    0x00, 0x3C, 0x00, 0x00, 0xFE, 0x82, 0x00, 0x09, 0xB1, 0x00, 0x02, 0xB8, 0xFE, 0x82, 0xB0, 0x35,
    0x2B, 0x00, 0xFF, 0xFF, 0x00, 0x89, 0x01, 0x15, 0x01, 0xCF, 0x02, 0xDF, 0x03, 0x06, 0x00, 0x33,
    0x00, 0x9C, 0x00, 0x09, 0xB1, 0x00, 0x02, 0xB8, 0xFF, 0x9C, 0xB0, 0x35, 0x2B, 0x00, 0xFF, 0xFF,
    0x00, 0x96, 0x01, 0x1A, 0x01, 0xE0, 0x02, 0xDA, 0x03, 0x06, 0x00, 0x34, 0x00, 0x9C, 0x00, 0x09,
    0xB1, 0x00, 0x01, 0xB8, 0xFF, 0x9C, 0xB0, 0x35, 0x2B, 0x00, 0xFF, 0xFF, 0x00, 0x93, 0x01, 0x1A,
    0x01, 0xC9, 0x02, 0xDF, 0x03, 0x06, 0x00, 0x35, 0x00, 0x9C, 0x00, 0x09, 0xB1, 0x00, 0x01, 0xB8,
    0xFF, 0x9C, 0xB0, 0x35, 0x2B, 0x00, 0xFF, 0xFF, 0x00, 0x8B, 0x01, 0x15, 0x01, 0xCE, 0x02, 0xDA,
    0x03, 0x06, 0x00, 0x36, 0x00, 0x9C, 0x00, 0x09, 0xB1, 0x00, 0x01, 0xB8, 0xFF, 0x9C, 0xB0, 0x35,
    0x2B, 0x00, 0xFF, 0xFF, 0x00, 0x8F, 0x01, 0x1A, 0x01, 0xBD, 0x02, 0xDA, 0x03, 0x06, 0x00, 0x37,
    0x00, 0x9C, 0x00, 0x09, 0xB1, 0x00, 0x01, 0xB8, 0xFF, 0x9C, 0xB0, 0x35, 0x2B, 0x00, 0xFF, 0xFF,
    0x00, 0x8D, 0x01, 0x15, 0x01, 0xCF, 0x02, 0xDA, 0x03, 0x06, 0x00, 0x38, 0x00, 0x9C, 0x00, 0x09,
    0xB1, 0x00, 0x01, 0xB8, 0xFF, 0x9C, 0xB0, 0x35, 0x2B, 0x00, 0xFF, 0xFF, 0x00, 0x86, 0x01, 0x15,
    0x01, 0xD2, 0x02, 0xDA, 0x03, 0x06, 0x00, 0x39, 0x00, 0x9C, 0x00, 0x09, 0xB1, 0x00, 0x02, 0xB8,
    0xFF, 0x9C, 0xB0, 0x35, 0x2B, 0x00, 0xFF, 0xFF, 0x00, 0x94, 0x01, 0x1A, 0x01, 0xCE, 0x02, 0xDA,
    0x03, 0x06, 0x00, 0x3A, 0x00, 0x9C, 0x00, 0x09, 0xB1, 0x00, 0x01, 0xB8, 0xFF, 0x9C, 0xB0, 0x35,
    0x2B, 0x00, 0xFF, 0xFF, 0x00, 0x87, 0x01, 0x15, 0x01, 0xD1, 0x02, 0xDF, 0x03, 0x06, 0x00, 0x3B,
    0x00, 0x9C, 0x00, 0x09, 0xB1, 0x00, 0x03, 0xB8, 0xFF, 0x9C, 0xB0, 0x35, 0x2B, 0x00, 0xFF, 0xFF,
    0x00, 0x8B, 0x01, 0x1A, 0x01, 0xCD, 0x02, 0xDF, 0x03, 0x06, 0x00, 0x3C, 0x00, 0x9C, 0x00, 0x09,
    0xB1, 0x00, 0x02, 0xB8, 0xFF, 0x9C, 0xB0, 0x35, 0x2B, 0x00, 0x00, 0x02, 0x00, 0x89, 0x01, 0x79,
    0x01, 0xCF, 0x03, 0x43, 0x00, 0x0D, 0x00, 0x1B, 0x00, 0x2D, 0x40, 0x2A, 0x00, 0x03, 0x03, 0x01,
    0x61, 0x00, 0x01, 0x01, 0x52, 0x4D, 0x05, 0x01, 0x02, 0x02, 0x00, 0x61, 0x04, 0x01, 0x00, 0x00,
    0x53, 0x00, 0x4E, 0x0F, 0x0E, 0x01, 0x00, 0x16, 0x14, 0x0E, 0x1B, 0x0F, 0x1B, 0x08, 0x06, 0x00,
    0x0D, 0x01, 0x0D, 0x06, 0x0B, 0x16, 0x2B, 0x01, 0x22, 0x26, 0x35, 0x35, 0x34, 0x36, 0x33, 0x32,
    0x16, 0x15, 0x15, 0x14, 0x06, 0x27, 0x32, 0x36, 0x35, 0x35, 0x34, 0x26, 0x23, 0x22, 0x06, 0x15,
    0x15, 0x14, 0x16, 0x01, 0x2C, 0x49, 0x5A, 0x5A, 0x49, 0x49, 0x5A, 0x5A, 0x49, 0x29, 0x33, 0x33,
    0x29, 0x29, 0x33, 0x33, 0x01, 0x79, 0x5C, 0x49, 0x81, 0x49, 0x5B, 0x5B, 0x49, 0x81, 0x49, 0x5C,
    0x40, 0x38, 0x2D, 0x81, 0x2C, 0x38, 0x38, 0x2C, 0x81, 0x2D, 0x38, 0x00, 0x00, 0x01, 0x00, 0x96,
    0x01, 0x7E, 0x01, 0xE0, 0x03, 0x3E, 0x00, 0x0A, 0x00, 0x29, 0x40, 0x26, 0x05, 0x04, 0x03, 0x03,
    0x00, 0x01, 0x01, 0x4C, 0x00, 0x01, 0x01, 0x50, 0x4D, 0x02, 0x01, 0x00, 0x00, 0x03, 0x60, 0x04,
    0x01, 0x03, 0x03, 0x51, 0x03, 0x4E, 0x00, 0x00, 0x00, 0x0A, 0x00, 0x0A, 0x11, 0x14, 0x11, 0x05,
    0x0B, 0x19, 0x2B, 0x13, 0x35, 0x33, 0x11, 0x07, 0x35, 0x37, 0x33, 0x11, 0x33, 0x15, 0x96, 0x90,
    0x8D, 0x74, 0x60, 0x73, 0x01, 0x7E, 0x41, 0x01, 0x44, 0x55, 0x49, 0x47, 0xFE, 0x81, 0x41, 0x00,
    0x00, 0x01, 0x00, 0x93, 0x01, 0x7E, 0x01, 0xC9, 0x03, 0x43, 0x00, 0x1A, 0x00, 0x34, 0x40, 0x31,
    0x01, 0x01, 0x03, 0x01, 0x01, 0x4C, 0x00, 0x01, 0x00, 0x03, 0x00, 0x01, 0x03, 0x80, 0x00, 0x00,
    0x00, 0x02, 0x61, 0x00, 0x02, 0x02, 0x52, 0x4D, 0x00, 0x03, 0x03, 0x04, 0x5F, 0x05, 0x01, 0x04,
    0x04, 0x51, 0x04, 0x4E, 0x00, 0x00, 0x00, 0x1A, 0x00, 0x1A, 0x17, 0x23, 0x12, 0x27, 0x06, 0x0B,
    0x1A, 0x2B, 0x13, 0x35, 0x37, 0x36, 0x36, 0x35, 0x34, 0x26, 0x23, 0x22, 0x06, 0x15, 0x23, 0x3E,
    0x02, 0x33, 0x32, 0x16, 0x16, 0x15, 0x14, 0x06, 0x07, 0x07, 0x33, 0x15, 0x9C, 0xB7, 0x14, 0x18,
    0x2F, 0x23, 0x22, 0x31, 0x47, 0x02, 0x2A, 0x45, 0x29, 0x2C, 0x45, 0x29, 0x2A, 0x24, 0x8C, 0xDC,
    0x01, 0x7E, 0x4D, 0x9E, 0x11, 0x25, 0x16, 0x23, 0x2B, 0x2C, 0x24, 0x2B, 0x40, 0x25, 0x23, 0x3F,
    0x2A, 0x24, 0x3E, 0x1F, 0x77, 0x41, 0x00, 0x01, 0x00, 0x8B, 0x01, 0x79, 0x01, 0xCE, 0x03, 0x3E,
    0x00, 0x1A, 0x00, 0x43, 0x40, 0x40, 0x15, 0x14, 0x0F, 0x03, 0x03, 0x04, 0x01, 0x4C, 0x00, 0x03,
    0x04, 0x01, 0x04, 0x03, 0x01, 0x80, 0x00, 0x01, 0x02, 0x04, 0x01, 0x02, 0x7E, 0x00, 0x04, 0x04,
    0x05, 0x5F, 0x00, 0x05, 0x05, 0x50, 0x4D, 0x00, 0x02, 0x02, 0x00, 0x61, 0x06, 0x01, 0x00, 0x00,
    0x53, 0x00, 0x4E, 0x01, 0x00, 0x13, 0x12, 0x11, 0x10, 0x0E, 0x0C, 0x08, 0x06, 0x04, 0x03, 0x00,
    0x1A, 0x01, 0x1A, 0x07, 0x0B, 0x16, 0x2B, 0x01, 0x22, 0x26, 0x35, 0x33, 0x14, 0x16, 0x33, 0x32,
    0x36, 0x35, 0x34, 0x26, 0x23, 0x23, 0x35, 0x37, 0x23, 0x35, 0x21, 0x15, 0x07, 0x16, 0x16, 0x15,
    0x14, 0x06, 0x01, 0x2C, 0x47, 0x5A, 0x47, 0x32, 0x28, 0x28, 0x32, 0x32, 0x28, 0x29, 0x73, 0xD5,
    0x01, 0x1D, 0x75, 0x3C, 0x49, 0x5A, 0x01, 0x79, 0x52, 0x42, 0x25, 0x2F, 0x2F, 0x25, 0x25, 0x2E,
    0x45, 0x58, 0x41, 0x48, 0x5C, 0x07, 0x4C, 0x3A, 0x42, 0x52, 0x00, 0x01, 0x00, 0x8F, 0x01, 0x7E,
    0x01, 0xBD, 0x03, 0x3E, 0x00, 0x0B, 0x00, 0x30, 0x40, 0x2D, 0x06, 0x03, 0x02, 0x02, 0x03, 0x01,
    0x4C, 0x00, 0x02, 0x00, 0x00, 0x04, 0x02, 0x00, 0x68, 0x00, 0x01, 0x01, 0x50, 0x4D, 0x00, 0x03,
    0x03, 0x04, 0x5F, 0x05, 0x01, 0x04, 0x04, 0x51, 0x04, 0x4E, 0x00, 0x00, 0x00, 0x0B, 0x00, 0x0B,
    0x11, 0x12, 0x12, 0x11, 0x06, 0x0B, 0x1A, 0x2B, 0x01, 0x35, 0x23, 0x35, 0x37, 0x33, 0x03, 0x15,
    0x33, 0x35, 0x33, 0x11, 0x01, 0x76, 0xE7, 0xAE, 0x50, 0xB8, 0xA1, 0x47, 0x01, 0x7E, 0x69, 0x5D,
    0xFA, 0xFE, 0xF6, 0x0D, 0x72, 0xFE, 0xE5, 0x00, 0x00, 0x01, 0x00, 0x8D, 0x01, 0x79, 0x01, 0xCF,
    0x03, 0x3E, 0x00, 0x19, 0x00, 0x3E, 0x40, 0x3B, 0x00, 0x01, 0x03, 0x02, 0x03, 0x01, 0x02, 0x80,
    0x00, 0x06, 0x00, 0x03, 0x01, 0x06, 0x03, 0x67, 0x00, 0x05, 0x05, 0x04, 0x5F, 0x00, 0x04, 0x04,
    0x50, 0x4D, 0x00, 0x02, 0x02, 0x00, 0x61, 0x07, 0x01, 0x00, 0x00, 0x53, 0x00, 0x4E, 0x01, 0x00,
    0x15, 0x13, 0x12, 0x11, 0x10, 0x0F, 0x0E, 0x0C, 0x08, 0x06, 0x04, 0x03, 0x00, 0x19, 0x01, 0x19,
    0x08, 0x0B, 0x16, 0x2B, 0x01, 0x22, 0x26, 0x35, 0x33, 0x14, 0x16, 0x33, 0x32, 0x36, 0x35, 0x34,
    0x26, 0x23, 0x23, 0x35, 0x21, 0x15, 0x23, 0x15, 0x33, 0x32, 0x16, 0x15, 0x14, 0x06, 0x01, 0x2F,
    0x49, 0x59, 0x46, 0x32, 0x2A, 0x28, 0x30, 0x30, 0x28, 0x8B, 0x01, 0x1A, 0xD7, 0x48, 0x4A, 0x56,
    0x58, 0x01, 0x79, 0x50, 0x44, 0x28, 0x2C, 0x2F, 0x25, 0x26, 0x2E, 0xDD, 0x3F, 0x62, 0x4E, 0x42,
    0x42, 0x52, 0x00, 0x02, 0x00, 0x86, 0x01, 0x79, 0x01, 0xD2, 0x03, 0x3E, 0x00, 0x10, 0x00, 0x1C,
    0x00, 0x38, 0x40, 0x35, 0x08, 0x01, 0x04, 0x02, 0x01, 0x4C, 0x00, 0x02, 0x00, 0x04, 0x03, 0x02,
    0x04, 0x6A, 0x00, 0x01, 0x01, 0x50, 0x4D, 0x06, 0x01, 0x03, 0x03, 0x00, 0x61, 0x05, 0x01, 0x00,
    0x00, 0x53, 0x00, 0x4E, 0x12, 0x11, 0x01, 0x00, 0x18, 0x16, 0x11, 0x1C, 0x12, 0x1C, 0x0C, 0x0A,
    0x07, 0x06, 0x00, 0x10, 0x01, 0x10, 0x07, 0x0B, 0x16, 0x2B, 0x01, 0x22, 0x26, 0x35, 0x34, 0x37,
    0x37, 0x33, 0x07, 0x33, 0x36, 0x33, 0x32, 0x16, 0x15, 0x14, 0x06, 0x27, 0x32, 0x36, 0x35, 0x34,
    0x26, 0x23, 0x22, 0x06, 0x15, 0x14, 0x16, 0x01, 0x2D, 0x4B, 0x5C, 0x24, 0x7E, 0x4D, 0x81, 0x04,
    0x1B, 0x31, 0x40, 0x4E, 0x5B, 0x4B, 0x2A, 0x34, 0x34, 0x2A, 0x29, 0x35, 0x34, 0x01, 0x79, 0x55,
    0x43, 0x32, 0x39, 0xC2, 0xC5, 0x25, 0x4E, 0x3F, 0x43, 0x55, 0x40, 0x31, 0x27, 0x27, 0x31, 0x31,
    0x27, 0x27, 0x31, 0x00, 0x00, 0x01, 0x00, 0x94, 0x01, 0x7E, 0x01, 0xCE, 0x03, 0x3E, 0x00, 0x08,
    0x00, 0x52, 0xB5, 0x07, 0x01, 0x01, 0x00, 0x01, 0x4C, 0x4B, 0xB0, 0x11, 0x50, 0x58, 0x40, 0x18,
    0x00, 0x01, 0x00, 0x03, 0x00, 0x01, 0x72, 0x00, 0x00, 0x00, 0x02, 0x5F, 0x00, 0x02, 0x02, 0x50,
    0x4D, 0x04, 0x01, 0x03, 0x03, 0x51, 0x03, 0x4E, 0x1B, 0x40, 0x19, 0x00, 0x01, 0x00, 0x03, 0x00,
    0x01, 0x03, 0x80, 0x00, 0x00, 0x00, 0x02, 0x5F, 0x00, 0x02, 0x02, 0x50, 0x4D, 0x04, 0x01, 0x03,
    0x03, 0x51, 0x03, 0x4E, 0x59, 0x40, 0x0C, 0x00, 0x00, 0x00, 0x08, 0x00, 0x08, 0x11, 0x11, 0x11,
    0x05, 0x0B, 0x19, 0x2B, 0x13, 0x13, 0x23, 0x15, 0x23, 0x35, 0x21, 0x15, 0x03, 0xD8, 0xB1, 0xAF,
    0x46, 0x01, 0x3A, 0xA8, 0x01, 0x7E, 0x01, 0x80, 0x4E, 0x8E, 0x4C, 0xFE, 0x8C, 0x00, 0x00, 0x03,
    0x00, 0x87, 0x01, 0x79, 0x01, 0xD1, 0x03, 0x43, 0x00, 0x19, 0x00, 0x25, 0x00, 0x31, 0x00, 0x45,
    0x40, 0x42, 0x13, 0x06, 0x02, 0x05, 0x02, 0x01, 0x4C, 0x07, 0x01, 0x02, 0x00, 0x05, 0x04, 0x02,
    0x05, 0x69, 0x00, 0x03, 0x03, 0x01, 0x61, 0x00, 0x01, 0x01, 0x52, 0x4D, 0x08, 0x01, 0x04, 0x04,
    0x00, 0x61, 0x06, 0x01, 0x00, 0x00, 0x53, 0x00, 0x4E, 0x27, 0x26, 0x1B, 0x1A, 0x01, 0x00, 0x2D,
    0x2B, 0x26, 0x31, 0x27, 0x31, 0x21, 0x1F, 0x1A, 0x25, 0x1B, 0x25, 0x0E, 0x0C, 0x00, 0x19, 0x01,
    0x19, 0x09, 0x0B, 0x16, 0x2B, 0x01, 0x22, 0x26, 0x35, 0x34, 0x36, 0x37, 0x35, 0x26, 0x26, 0x35,
    0x34, 0x36, 0x33, 0x32, 0x16, 0x15, 0x14, 0x06, 0x07, 0x15, 0x16, 0x16, 0x15, 0x14, 0x06, 0x03,
    0x32, 0x36, 0x35, 0x34, 0x26, 0x23, 0x22, 0x06, 0x15, 0x14, 0x16, 0x17, 0x32, 0x36, 0x35, 0x34,
    0x26, 0x23, 0x22, 0x06, 0x15, 0x14, 0x16, 0x01, 0x2C, 0x49, 0x5C, 0x3A, 0x2E, 0x2A, 0x33, 0x55,
    0x45, 0x46, 0x56, 0x34, 0x2C, 0x2F, 0x3A, 0x5B, 0x4A, 0x27, 0x30, 0x30, 0x27, 0x26, 0x2F, 0x2F,
    0x26, 0x2A, 0x36, 0x36, 0x2A, 0x2A, 0x36, 0x36, 0x01, 0x79, 0x49, 0x3A, 0x2E, 0x3D, 0x04, 0x04,
    0x08, 0x34, 0x22, 0x35, 0x41, 0x41, 0x35, 0x22, 0x34, 0x08, 0x04, 0x04, 0x3D, 0x2E, 0x3A, 0x49,
    0x01, 0x0B, 0x24, 0x1D, 0x1D, 0x25, 0x25, 0x1D, 0x1D, 0x24, 0xCE, 0x29, 0x21, 0x21, 0x29, 0x29,
    0x21, 0x21, 0x29, 0x00, 0x00, 0x02, 0x00, 0x8B, 0x01, 0x7E, 0x01, 0xCD, 0x03, 0x43, 0x00, 0x12,
    0x00, 0x1E, 0x00, 0x36, 0x40, 0x33, 0x01, 0x01, 0x00, 0x03, 0x01, 0x4C, 0x06, 0x01, 0x03, 0x00,
    0x00, 0x02, 0x03, 0x00, 0x69, 0x00, 0x04, 0x04, 0x01, 0x61, 0x00, 0x01, 0x01, 0x52, 0x4D, 0x05,
    0x01, 0x02, 0x02, 0x51, 0x02, 0x4E, 0x14, 0x13, 0x00, 0x00, 0x1A, 0x18, 0x13, 0x1E, 0x14, 0x1E,
    0x00, 0x12, 0x00, 0x12, 0x24, 0x24, 0x07, 0x0B, 0x18, 0x2B, 0x13, 0x37, 0x23, 0x06, 0x06, 0x23,
    0x22, 0x26, 0x35, 0x34, 0x36, 0x33, 0x32, 0x16, 0x15, 0x14, 0x06, 0x07, 0x07, 0x27, 0x32, 0x36,
    0x35, 0x34, 0x26, 0x23, 0x22, 0x06, 0x15, 0x14, 0x16, 0xE7, 0x7E, 0x04, 0x0A, 0x26, 0x1D, 0x3F,
    0x4A, 0x57, 0x49, 0x4A, 0x58, 0x16, 0x16, 0x6D, 0x08, 0x26, 0x33, 0x30, 0x29, 0x29, 0x30, 0x30,
    0x01, 0x7E, 0xC5, 0x10, 0x15, 0x4F, 0x3E, 0x44, 0x54, 0x54, 0x44, 0x21, 0x3C, 0x23, 0xAD, 0xD5,
    0x31, 0x27, 0x27, 0x31, 0x31, 0x27, 0x27, 0x31, 0x00, 0x01, 0x00, 0x05, 0x00, 0x00, 0x02, 0x53,
    0x02, 0xDA, 0x00, 0x03, 0x00, 0x19, 0x40, 0x16, 0x00, 0x00, 0x00, 0x38, 0x4D, 0x02, 0x01, 0x01,
    0x01, 0x39, 0x01, 0x4E, 0x00, 0x00, 0x00, 0x03, 0x00, 0x03, 0x11, 0x03, 0x09, 0x17, 0x2B, 0x33,
    0x01, 0x33, 0x01, 0x05, 0x01, 0xF9, 0x55, 0xFE, 0x07, 0x02, 0xDA, 0xFD, 0x26, 0x00, 0x00, 0x01,
    0x00, 0xDA, 0xFF, 0xF6, 0x01, 0x7E, 0x00, 0x98, 0x00, 0x0B, 0x00, 0x1A, 0x40, 0x17, 0x00, 0x01,
    0x01, 0x00, 0x61, 0x02, 0x01, 0x00, 0x00, 0x3F, 0x00, 0x4E, 0x01, 0x00, 0x07, 0x05, 0x00, 0x0B,
    0x01, 0x0B, 0x03, 0x09, 0x16, 0x2B, 0x05, 0x22, 0x26, 0x35, 0x34, 0x36, 0x33, 0x32, 0x16, 0x15,
    0x14, 0x06, 0x01, 0x2C, 0x25, 0x2D, 0x2D, 0x25, 0x25, 0x2D, 0x2D, 0x0A, 0x2C, 0x23, 0x25, 0x2E,
    0x2E, 0x25, 0x23, 0x2C, 0x00, 0x02, 0x00, 0xD9, 0xFF, 0xF6, 0x01, 0x7F, 0x02, 0x30, 0x00, 0x0B,
    0x00, 0x17, 0x00, 0x2D, 0x40, 0x2A, 0x04, 0x01, 0x00, 0x00, 0x01, 0x61, 0x00, 0x01, 0x01, 0x41,
    0x4D, 0x00, 0x03, 0x03, 0x02, 0x61, 0x05, 0x01, 0x02, 0x02, 0x3F, 0x02, 0x4E, 0x0D, 0x0C, 0x01,
    0x00, 0x13, 0x11, 0x0C, 0x17, 0x0D, 0x17, 0x07, 0x05, 0x00, 0x0B, 0x01, 0x0B, 0x06, 0x09, 0x16,
    0x2B, 0x01, 0x22, 0x26, 0x35, 0x34, 0x36, 0x33, 0x32, 0x16, 0x15, 0x14, 0x06, 0x03, 0x22, 0x26,
    0x35, 0x34, 0x36, 0x33, 0x32, 0x16, 0x15, 0x14, 0x06, 0x01, 0x2C, 0x29, 0x2A, 0x2A, 0x29, 0x29,
    0x2A, 0x2A, 0x29, 0x29, 0x2A, 0x2A, 0x29, 0x29, 0x2A, 0x2A, 0x01, 0x9C, 0x28, 0x22, 0x22, 0x28,
    0x28, 0x22, 0x22, 0x28, 0xFE, 0x5A, 0x28, 0x22, 0x22, 0x28, 0x28, 0x22, 0x22, 0x28, 0x00, 0x02,
    0x00, 0x82, 0xFF, 0xFB, 0x01, 0xE5, 0x02, 0xDA, 0x00, 0x14, 0x00, 0x22, 0x00, 0x70, 0x4B, 0xB0,
    0x0D, 0x50, 0x58, 0x40, 0x26, 0x07, 0x01, 0x04, 0x03, 0x06, 0x03, 0x04, 0x72, 0x00, 0x00, 0x00,
    0x03, 0x04, 0x00, 0x03, 0x69, 0x00, 0x01, 0x01, 0x02, 0x5F, 0x00, 0x02, 0x02, 0x38, 0x4D, 0x00,
    0x06, 0x06, 0x05, 0x61, 0x08, 0x01, 0x05, 0x05, 0x42, 0x05, 0x4E, 0x1B, 0x40, 0x27, 0x07, 0x01,
    0x04, 0x03, 0x06, 0x03, 0x04, 0x06, 0x80, 0x00, 0x00, 0x00, 0x03, 0x04, 0x00, 0x03, 0x69, 0x00,
    0x01, 0x01, 0x02, 0x5F, 0x00, 0x02, 0x02, 0x38, 0x4D, 0x00, 0x06, 0x06, 0x05, 0x61, 0x08, 0x01,
    0x05, 0x05, 0x42, 0x05, 0x4E, 0x59, 0x40, 0x15, 0x16, 0x15, 0x00, 0x00, 0x1D, 0x1A, 0x15, 0x22,
    0x16, 0x21, 0x00, 0x14, 0x00, 0x14, 0x16, 0x21, 0x24, 0x21, 0x09, 0x09, 0x1A, 0x2B, 0x37, 0x35,
    0x33, 0x32, 0x36, 0x35, 0x34, 0x26, 0x23, 0x23, 0x35, 0x33, 0x32, 0x16, 0x16, 0x15, 0x14, 0x06,
    0x06, 0x07, 0x15, 0x07, 0x22, 0x26, 0x35, 0x34, 0x36, 0x33, 0x33, 0x32, 0x16, 0x15, 0x14, 0x06,
    0x23, 0xCE, 0x32, 0x40, 0x4B, 0x4B, 0x41, 0x7D, 0x7D, 0x46, 0x67, 0x39, 0x30, 0x55, 0x38, 0x3D,
    0x1A, 0x22, 0x22, 0x1A, 0x1E, 0x1D, 0x1F, 0x22, 0x1A, 0xD7, 0xAA, 0x47, 0x3B, 0x3B, 0x47, 0x55,
    0x35, 0x60, 0x42, 0x39, 0x5B, 0x36, 0x03, 0x5F, 0xDC, 0x22, 0x1A, 0x1A, 0x22, 0x21, 0x1A, 0x1A,
    0x23, 0x00, 0x00, 0x01, 0x00, 0x24, 0x00, 0x67, 0x02, 0x34, 0x02, 0x6C, 0x00, 0x2C, 0x00, 0x1B,
    0x40, 0x18, 0x29, 0x25, 0x24, 0x20, 0x1C, 0x1B, 0x17, 0x0E, 0x0A, 0x09, 0x05, 0x01, 0x0C, 0x00,
    0x49, 0x00, 0x00, 0x00, 0x76, 0x13, 0x12, 0x01, 0x09, 0x16, 0x2B, 0x37, 0x27, 0x37, 0x36, 0x36,
    0x37, 0x26, 0x26, 0x27, 0x27, 0x37, 0x17, 0x16, 0x16, 0x17, 0x26, 0x26, 0x35, 0x35, 0x33, 0x15,
    0x14, 0x06, 0x07, 0x36, 0x36, 0x37, 0x37, 0x17, 0x07, 0x06, 0x06, 0x07, 0x16, 0x16, 0x17, 0x17,
    0x07, 0x27, 0x26, 0x26, 0x27, 0x06, 0x06, 0x07, 0xB1, 0x45, 0x41, 0x0D, 0x2D, 0x14, 0x1C, 0x3E,
    0x12, 0x6B, 0x1C, 0x6C, 0x11, 0x38, 0x17, 0x05, 0x05, 0x54, 0x06, 0x05, 0x18, 0x37, 0x12, 0x6C,
    0x1C, 0x6B, 0x12, 0x3E, 0x1C, 0x14, 0x2E, 0x0C, 0x41, 0x45, 0x41, 0x0C, 0x22, 0x0C, 0x0C, 0x22,
    0x0C, 0x67, 0x31, 0x5D, 0x12, 0x34, 0x14, 0x04, 0x10, 0x07, 0x28, 0x4F, 0x28, 0x06, 0x1A, 0x0E,
    0x1A, 0x37, 0x13, 0x7D, 0x7D, 0x13, 0x37, 0x1A, 0x0E, 0x1A, 0x06, 0x28, 0x4F, 0x28, 0x07, 0x10,
    0x04, 0x14, 0x35, 0x11, 0x5D, 0x31, 0x5E, 0x11, 0x3C, 0x1A, 0x1A, 0x3B, 0x12, 0x00, 0x00, 0x01,
    0x00, 0x4B, 0xFF, 0x92, 0x02, 0x0D, 0x03, 0x3E, 0x00, 0x03, 0x00, 0x17, 0x40, 0x14, 0x00, 0x00,
    0x01, 0x00, 0x85, 0x02, 0x01, 0x01, 0x01, 0x76, 0x00, 0x00, 0x00, 0x03, 0x00, 0x03, 0x11, 0x03,
    0x09, 0x17, 0x2B, 0x17, 0x01, 0x33, 0x01, 0x4B, 0x01, 0x63, 0x5F, 0xFE, 0x9D, 0x6E, 0x03, 0xAC,
    0xFC, 0x54, 0x00, 0x02, 0x00, 0xD9, 0x00, 0x46, 0x01, 0x7F, 0x02, 0x80, 0x00, 0x0B, 0x00, 0x17,
    0x00, 0x30, 0x40, 0x2D, 0x00, 0x01, 0x04, 0x01, 0x00, 0x03, 0x01, 0x00, 0x69, 0x00, 0x03, 0x02,
    0x02, 0x03, 0x59, 0x00, 0x03, 0x03, 0x02, 0x61, 0x05, 0x01, 0x02, 0x03, 0x02, 0x51, 0x0D, 0x0C,
    0x01, 0x00, 0x13, 0x11, 0x0C, 0x17, 0x0D, 0x17, 0x07, 0x05, 0x00, 0x0B, 0x01, 0x0B, 0x06, 0x09,
    0x16, 0x2B, 0x01, 0x22, 0x26, 0x35, 0x34, 0x36, 0x33, 0x32, 0x16, 0x15, 0x14, 0x06, 0x03, 0x22,
    0x26, 0x35, 0x34, 0x36, 0x33, 0x32, 0x16, 0x15, 0x14, 0x06, 0x01, 0x2C, 0x25, 0x2E, 0x2E, 0x25,
    0x26, 0x2D, 0x2D, 0x26, 0x25, 0x2E, 0x2E, 0x25, 0x26, 0x2D, 0x2D, 0x01, 0xEA, 0x29, 0x22, 0x22,
    0x29, 0x29, 0x22, 0x22, 0x29, 0xFE, 0x5C, 0x29, 0x22, 0x22, 0x29, 0x29, 0x22, 0x22, 0x29, 0x00,
    0x00, 0x01, 0x00, 0x8C, 0x01, 0x22, 0x01, 0xCC, 0x01, 0x72, 0x00, 0x03, 0x00, 0x1E, 0x40, 0x1B,
    0x00, 0x00, 0x01, 0x01, 0x00, 0x57, 0x00, 0x00, 0x00, 0x01, 0x5F, 0x02, 0x01, 0x01, 0x00, 0x01,
    0x4F, 0x00, 0x00, 0x00, 0x03, 0x00, 0x03, 0x11, 0x03, 0x09, 0x17, 0x2B, 0x13, 0x35, 0x21, 0x15,
    0x8C, 0x01, 0x40, 0x01, 0x22, 0x50, 0x50, 0x00, 0x00, 0x02, 0xFE, 0x34, 0x01, 0x22, 0x01, 0xCC,
    0x01, 0x72, 0x00, 0x03, 0x00, 0x07, 0x00, 0x2A, 0x40, 0x27, 0x02, 0x01, 0x00, 0x01, 0x01, 0x00,
    0x57, 0x02, 0x01, 0x00, 0x00, 0x01, 0x5F, 0x05, 0x03, 0x04, 0x03, 0x01, 0x00, 0x01, 0x4F, 0x04,
    0x04, 0x00, 0x00, 0x04, 0x07, 0x04, 0x07, 0x06, 0x05, 0x00, 0x03, 0x00, 0x03, 0x11, 0x06, 0x09,
    0x17, 0x2B, 0x13, 0x35, 0x21, 0x15, 0x21, 0x35, 0x21, 0x15, 0x2D, 0x01, 0x9F, 0xFC, 0x68, 0x01,
    0x9F, 0x01, 0x22, 0x50, 0x50, 0x50, 0x50, 0x00, 0x00, 0x03, 0xFB, 0xDC, 0x01, 0x22, 0x01, 0xCC,
    0x01, 0x72, 0x00, 0x03, 0x00, 0x07, 0x00, 0x0B, 0x00, 0x36, 0x40, 0x33, 0x04, 0x02, 0x02, 0x00,
    0x01, 0x01, 0x00, 0x57, 0x04, 0x02, 0x02, 0x00, 0x00, 0x01, 0x5F, 0x08, 0x05, 0x07, 0x03, 0x06,
    0x05, 0x01, 0x00, 0x01, 0x4F, 0x08, 0x08, 0x04, 0x04, 0x00, 0x00, 0x08, 0x0B, 0x08, 0x0B, 0x0A,
    0x09, 0x04, 0x07, 0x04, 0x07, 0x06, 0x05, 0x00, 0x03, 0x00, 0x03, 0x11, 0x09, 0x09, 0x17, 0x2B,
    0x13, 0x35, 0x21, 0x15, 0x21, 0x35, 0x21, 0x15, 0x33, 0x35, 0x21, 0x15, 0x0F, 0x01, 0xBD, 0xFA,
    0x10, 0x01, 0xBD, 0x5F, 0x01, 0xB8, 0x01, 0x22, 0x50, 0x50, 0x50, 0x50, 0x50, 0x50, 0x00, 0x03,
    0xF9, 0x7F, 0xFF, 0x74, 0x02, 0x03, 0x03, 0x20, 0x00, 0x24, 0x00, 0x4A, 0x00, 0x4F, 0x00, 0x8D,
    0xB7, 0x4E, 0x4D, 0x1B, 0x03, 0x01, 0x02, 0x01, 0x4C, 0x4B, 0xB0, 0x11, 0x50, 0x58, 0x40, 0x24,
    0x0B, 0x08, 0x02, 0x02, 0x0C, 0x07, 0x02, 0x01, 0x05, 0x02, 0x01, 0x67, 0x0D, 0x01, 0x05, 0x0F,
    0x06, 0x0E, 0x03, 0x00, 0x05, 0x00, 0x65, 0x0A, 0x01, 0x04, 0x04, 0x03, 0x61, 0x09, 0x01, 0x03,
    0x03, 0x40, 0x04, 0x4E, 0x1B, 0x40, 0x2B, 0x09, 0x01, 0x03, 0x0A, 0x01, 0x04, 0x02, 0x03, 0x04,
    0x69, 0x0B, 0x08, 0x02, 0x02, 0x0C, 0x07, 0x02, 0x01, 0x05, 0x02, 0x01, 0x67, 0x0D, 0x01, 0x05,
    0x00, 0x00, 0x05, 0x59, 0x0D, 0x01, 0x05, 0x05, 0x00, 0x61, 0x0F, 0x06, 0x0E, 0x03, 0x00, 0x05,
    0x00, 0x51, 0x59, 0x40, 0x27, 0x26, 0x25, 0x01, 0x00, 0x49, 0x47, 0x42, 0x41, 0x40, 0x3F, 0x3A,
    0x38, 0x37, 0x35, 0x30, 0x2E, 0x2D, 0x2B, 0x25, 0x4A, 0x26, 0x4A, 0x23, 0x21, 0x15, 0x13, 0x12,
    0x10, 0x0B, 0x09, 0x08, 0x06, 0x00, 0x24, 0x01, 0x24, 0x10, 0x09, 0x16, 0x2B, 0x05, 0x22, 0x26,
    0x37, 0x37, 0x36, 0x26, 0x23, 0x23, 0x35, 0x33, 0x32, 0x36, 0x27, 0x27, 0x26, 0x36, 0x33, 0x33,
    0x15, 0x23, 0x22, 0x06, 0x17, 0x17, 0x16, 0x06, 0x07, 0x16, 0x16, 0x07, 0x07, 0x06, 0x16, 0x33,
    0x33, 0x15, 0x21, 0x22, 0x26, 0x37, 0x37, 0x36, 0x26, 0x23, 0x23, 0x35, 0x33, 0x32, 0x36, 0x27,
    0x27, 0x26, 0x36, 0x33, 0x33, 0x15, 0x23, 0x22, 0x06, 0x17, 0x17, 0x16, 0x07, 0x21, 0x15, 0x21,
    0x16, 0x07, 0x07, 0x06, 0x16, 0x33, 0x33, 0x15, 0x01, 0x16, 0x17, 0x35, 0x06, 0xFB, 0x00, 0x58,
    0x68, 0x07, 0x0F, 0x05, 0x28, 0x41, 0x73, 0x73, 0x41, 0x28, 0x05, 0x0F, 0x07, 0x68, 0x58, 0x2D,
    0x2D, 0x2F, 0x34, 0x04, 0x0F, 0x05, 0x42, 0x4B, 0x4B, 0x42, 0x05, 0x0F, 0x04, 0x34, 0x2F, 0x2D,
    0x01, 0xE8, 0x58, 0x68, 0x07, 0x0F, 0x05, 0x28, 0x41, 0x73, 0x73, 0x41, 0x28, 0x05, 0x0F, 0x07,
    0x68, 0x58, 0x2D, 0x2D, 0x2F, 0x34, 0x04, 0x0F, 0x06, 0x27, 0x05, 0x5F, 0xFA, 0xA3, 0x25, 0x06,
    0x0F, 0x04, 0x34, 0x2F, 0x2D, 0xFE, 0xFB, 0x17, 0x14, 0x14, 0x8C, 0x57, 0x4F, 0xA4, 0x35, 0x2F,
    0x50, 0x2F, 0x35, 0xA4, 0x4F, 0x57, 0x50, 0x2B, 0x2B, 0xA4, 0x3B, 0x47, 0x07, 0x07, 0x4E, 0x3A,
    0xA4, 0x2B, 0x2B, 0x50, 0x57, 0x4F, 0xA4, 0x35, 0x2F, 0x50, 0x2F, 0x35, 0xA4, 0x4F, 0x57, 0x50,
    0x2B, 0x2B, 0xA4, 0x41, 0x23, 0x50, 0x25, 0x3F, 0xA4, 0x2B, 0x2B, 0x50, 0x01, 0xD9, 0x02, 0x06,
    0x0F, 0x05, 0x00, 0x05, 0xF9, 0x7F, 0xFF, 0x74, 0x02, 0x03, 0x03, 0x20, 0x00, 0x25, 0x00, 0x29,
    0x00, 0x2D, 0x00, 0x32, 0x00, 0x40, 0x00, 0xAF, 0xB6, 0x30, 0x2E, 0x02, 0x01, 0x02, 0x01, 0x4C,
    0x4B, 0xB0, 0x11, 0x50, 0x58, 0x40, 0x36, 0x0A, 0x05, 0x02, 0x02, 0x10, 0x0B, 0x06, 0x03, 0x01,
    0x09, 0x02, 0x01, 0x67, 0x00, 0x07, 0x0E, 0x01, 0x00, 0x07, 0x00, 0x65, 0x00, 0x04, 0x04, 0x03,
    0x61, 0x00, 0x03, 0x03, 0x40, 0x4D, 0x0F, 0x01, 0x09, 0x09, 0x08, 0x5F, 0x00, 0x08, 0x08, 0x38,
    0x4D, 0x00, 0x0D, 0x0D, 0x0C, 0x61, 0x11, 0x01, 0x0C, 0x0C, 0x42, 0x0C, 0x4E, 0x1B, 0x40, 0x34,
    0x00, 0x03, 0x00, 0x04, 0x02, 0x03, 0x04, 0x69, 0x0A, 0x05, 0x02, 0x02, 0x10, 0x0B, 0x06, 0x03,
    0x01, 0x09, 0x02, 0x01, 0x67, 0x00, 0x07, 0x0E, 0x01, 0x00, 0x07, 0x00, 0x65, 0x0F, 0x01, 0x09,
    0x09, 0x08, 0x5F, 0x00, 0x08, 0x08, 0x38, 0x4D, 0x00, 0x0D, 0x0D, 0x0C, 0x61, 0x11, 0x01, 0x0C,
    0x0C, 0x42, 0x0C, 0x4E, 0x59, 0x40, 0x2F, 0x34, 0x33, 0x2A, 0x2A, 0x26, 0x26, 0x01, 0x00, 0x3B,
    0x38, 0x33, 0x40, 0x34, 0x3F, 0x2A, 0x2D, 0x2A, 0x2D, 0x2C, 0x2B, 0x26, 0x29, 0x26, 0x29, 0x28,
    0x27, 0x24, 0x22, 0x1D, 0x1C, 0x1B, 0x1A, 0x15, 0x13, 0x12, 0x10, 0x0B, 0x09, 0x08, 0x06, 0x00,
    0x25, 0x01, 0x25, 0x12, 0x09, 0x16, 0x2B, 0x05, 0x22, 0x26, 0x37, 0x37, 0x36, 0x26, 0x23, 0x23,
    0x35, 0x33, 0x32, 0x36, 0x27, 0x27, 0x26, 0x36, 0x33, 0x33, 0x15, 0x23, 0x22, 0x06, 0x17, 0x17,
    0x16, 0x07, 0x21, 0x15, 0x21, 0x16, 0x07, 0x07, 0x06, 0x16, 0x33, 0x33, 0x15, 0x01, 0x03, 0x33,
    0x03, 0x37, 0x35, 0x21, 0x15, 0x25, 0x16, 0x17, 0x35, 0x06, 0x01, 0x22, 0x26, 0x35, 0x34, 0x36,
    0x33, 0x33, 0x32, 0x16, 0x15, 0x14, 0x06, 0x23, 0xFB, 0x00, 0x58, 0x68, 0x07, 0x0F, 0x05, 0x28,
    0x41, 0x73, 0x73, 0x41, 0x28, 0x05, 0x0F, 0x07, 0x68, 0x58, 0x2D, 0x2D, 0x2F, 0x34, 0x04, 0x0F,
    0x06, 0x27, 0x01, 0x25, 0xFE, 0xDD, 0x25, 0x06, 0x0F, 0x04, 0x34, 0x2F, 0x2D, 0x01, 0x28, 0x0C,
    0x6A, 0x0C, 0x9D, 0x04, 0xBF, 0xF8, 0x25, 0x0E, 0x0C, 0x0C, 0x02, 0x39, 0x1A, 0x22, 0x22, 0x1A,
    0x1E, 0x1D, 0x1F, 0x22, 0x1A, 0x8C, 0x57, 0x4F, 0xA4, 0x35, 0x2F, 0x50, 0x2F, 0x35, 0xA4, 0x4F,
    0x57, 0x50, 0x2B, 0x2B, 0xA4, 0x41, 0x23, 0x50, 0x25, 0x3F, 0xA4, 0x2B, 0x2B, 0x50, 0x01, 0x63,
    0x02, 0x03, 0xFD, 0xFD, 0x4B, 0x50, 0x50, 0x2B, 0x01, 0x03, 0x08, 0x02, 0xFE, 0xAC, 0x22, 0x1A,
    0x1A, 0x22, 0x21, 0x1A, 0x1A, 0x23, 0xFF, 0xFF, 0xFE, 0xD4, 0xFF, 0xF6, 0x01, 0x2E, 0x00, 0x98,
    0x00, 0x27, 0x00, 0x3E, 0xFD, 0xFA, 0x00, 0x00, 0x00, 0x06, 0x00, 0x3E, 0xB0, 0x00, 0xFF, 0xFF,
    0xFC, 0x90, 0xFF, 0xF6, 0x01, 0x1A, 0x00, 0x98, 0x00, 0x27, 0x00, 0x3E, 0xFB, 0xB6, 0x00, 0x00,
    0x00, 0x27, 0x00, 0x3E, 0xFD, 0xA9, 0x00, 0x00, 0x00, 0x06, 0x00, 0x3E, 0x9C, 0x00, 0xFF, 0xFF,
    0xFE, 0xD1, 0xFF, 0xF6, 0x01, 0x2F, 0x02, 0x30, 0x00, 0x27, 0x00, 0x3F, 0xFD, 0xF8, 0x00, 0x00,
    0x00, 0x06, 0x00, 0x3F, 0xB0, 0x00, 0xFF, 0xFF, 0xFC, 0xC9, 0xFF, 0xF6, 0x00, 0xDF, 0x02, 0x30,
    0x00, 0x27, 0x00, 0x3F, 0xFB, 0xF0, 0x00, 0x00, 0x00, 0x27, 0x00, 0x3F, 0xFD, 0xA8, 0x00, 0x00,
    0x00, 0x07, 0x00, 0x3F, 0xFF, 0x60, 0x00, 0x00, 0xFF, 0xFF, 0xFE, 0x90, 0xFF, 0xF6, 0x01, 0x2D,
    0x02, 0xDA, 0x00, 0x27, 0x00, 0x40, 0xFE, 0x0E, 0x00, 0x00, 0x00, 0x06, 0x00, 0x3E, 0xAF, 0x00,
    0xFF, 0xFF, 0xFE, 0x90, 0xFF, 0xF6, 0x01, 0x4D, 0x02, 0xDA, 0x00, 0x27, 0x00, 0x40, 0xFE, 0x0E,
    0x00, 0x00, 0x00, 0x06, 0x00, 0x3F, 0xCE, 0x00, 0xFF, 0xFF, 0xFD, 0xCC, 0xFF, 0x92, 0x02, 0x0D,
    0x03, 0x3E, 0x00, 0x27, 0x00, 0x41, 0xFD, 0xA8, 0xFF, 0xB0, 0x03, 0x06, 0x00, 0x42, 0x00, 0x00,
    0x00, 0x09, 0xB1, 0x00, 0x01, 0xB8, 0xFF, 0xB0, 0xB0, 0x35, 0x2B, 0x00, 0x00, 0x04, 0xFD, 0xCB,
    0x00, 0x00, 0x01, 0x7C, 0x02, 0xDA, 0x00, 0x1B, 0x00, 0x27, 0x00, 0x2B, 0x00, 0x37, 0x00, 0xAB,
    0x4B, 0xB0, 0x11, 0x50, 0x58, 0x40, 0x37, 0x07, 0x05, 0x02, 0x03, 0x11, 0x08, 0x02, 0x02, 0x0E,
    0x03, 0x02, 0x68, 0x00, 0x0F, 0x15, 0x01, 0x0E, 0x01, 0x0F, 0x0E, 0x69, 0x0C, 0x0A, 0x02, 0x00,
    0x12, 0x01, 0x00, 0x57, 0x13, 0x10, 0x09, 0x03, 0x01, 0x16, 0x01, 0x12, 0x0B, 0x01, 0x12, 0x69,
    0x06, 0x01, 0x04, 0x04, 0x38, 0x4D, 0x14, 0x0D, 0x02, 0x0B, 0x0B, 0x39, 0x0B, 0x4E, 0x1B, 0x40,
    0x38, 0x07, 0x05, 0x02, 0x03, 0x11, 0x08, 0x02, 0x02, 0x0E, 0x03, 0x02, 0x68, 0x00, 0x0F, 0x15,
    0x01, 0x0E, 0x13, 0x0F, 0x0E, 0x69, 0x10, 0x09, 0x02, 0x01, 0x0C, 0x0A, 0x02, 0x00, 0x12, 0x01,
    0x00, 0x67, 0x00, 0x13, 0x16, 0x01, 0x12, 0x0B, 0x13, 0x12, 0x69, 0x06, 0x01, 0x04, 0x04, 0x38,
    0x4D, 0x14, 0x0D, 0x02, 0x0B, 0x0B, 0x39, 0x0B, 0x4E, 0x59, 0x40, 0x2E, 0x2D, 0x2C, 0x1D, 0x1C,
    0x00, 0x00, 0x33, 0x31, 0x2C, 0x37, 0x2D, 0x37, 0x2B, 0x2A, 0x29, 0x28, 0x23, 0x21, 0x1C, 0x27,
    0x1D, 0x27, 0x00, 0x1B, 0x00, 0x1B, 0x1A, 0x19, 0x18, 0x17, 0x16, 0x15, 0x14, 0x13, 0x11, 0x11,
    0x11, 0x11, 0x11, 0x11, 0x11, 0x11, 0x11, 0x17, 0x09, 0x1F, 0x2B, 0x21, 0x37, 0x23, 0x35, 0x33,
    0x37, 0x23, 0x35, 0x33, 0x37, 0x33, 0x07, 0x33, 0x37, 0x33, 0x07, 0x33, 0x15, 0x23, 0x07, 0x33,
    0x15, 0x23, 0x07, 0x23, 0x37, 0x23, 0x07, 0x01, 0x22, 0x26, 0x35, 0x34, 0x36, 0x33, 0x32, 0x16,
    0x15, 0x14, 0x06, 0x05, 0x33, 0x37, 0x23, 0x01, 0x22, 0x26, 0x35, 0x34, 0x36, 0x33, 0x32, 0x16,
    0x15, 0x14, 0x06, 0xFD, 0xFB, 0x27, 0x57, 0x62, 0x22, 0x61, 0x6C, 0x27, 0x46, 0x27, 0xA0, 0x27,
    0x46, 0x27, 0x57, 0x62, 0x22, 0x61, 0x6C, 0x27, 0x46, 0x27, 0xA0, 0x27, 0x02, 0xEB, 0x24, 0x2C,
    0x2C, 0x24, 0x24, 0x2C, 0x2C, 0xFD, 0x23, 0xA0, 0x22, 0xA0, 0x02, 0x97, 0x24, 0x2C, 0x2C, 0x24,
    0x24, 0x2C, 0x2C, 0xD2, 0x41, 0xB4, 0x41, 0xD2, 0xD2, 0xD2, 0xD2, 0x41, 0xB4, 0x41, 0xD2, 0xD2,
    0xD2, 0x01, 0xAE, 0x2B, 0x25, 0x24, 0x2C, 0x2C, 0x24, 0x25, 0x2B, 0x9B, 0xB4, 0xFE, 0xBB, 0x2C,
    0x25, 0x24, 0x2B, 0x2B, 0x24, 0x25, 0x2C, 0x00, 0xFF, 0xFF, 0xFE, 0x3E, 0xFF, 0x92, 0x01, 0xC2,
    0x03, 0x3E, 0x00, 0x26, 0x00, 0x42, 0xB5, 0x00, 0x00, 0x07, 0x00, 0x42, 0xFD, 0xF3, 0x00, 0x00,
    0xFF, 0xFF, 0xFC, 0x13, 0xFF, 0x92, 0x01, 0x95, 0x03, 0x3E, 0x00, 0x27, 0x00, 0x42, 0xFB, 0xC8,
    0x00, 0x00, 0x00, 0x27, 0x00, 0x42, 0xFD, 0xA8, 0x00, 0x00, 0x00, 0x06, 0x00, 0x42, 0x88, 0x00,
    0x00, 0x01, 0xFE, 0x66, 0xFF, 0x92, 0x01, 0x9A, 0x03, 0x3E, 0x00, 0x08, 0x00, 0x1F, 0x40, 0x1C,
    0x04, 0x01, 0x02, 0x00, 0x01, 0x4C, 0x01, 0x01, 0x00, 0x02, 0x00, 0x85, 0x03, 0x01, 0x02, 0x02,
    0x76, 0x00, 0x00, 0x00, 0x08, 0x00, 0x08, 0x14, 0x11, 0x04, 0x09, 0x18, 0x2B, 0x07, 0x01, 0x33,
    0x01, 0x17, 0x37, 0x01, 0x33, 0x01, 0x37, 0xFE, 0x9D, 0x5F, 0x01, 0x24, 0x17, 0x16, 0x01, 0x24,
    0x60, 0xFE, 0x9D, 0x6E, 0x03, 0xAC, 0xFC, 0xF6, 0x44, 0x44, 0x03, 0x0A, 0xFC, 0x54, 0x00, 0x01,
    0x00, 0x41, 0x00, 0x5F, 0x02, 0x17, 0x02, 0x35, 0x00, 0x0B, 0x00, 0x4D, 0x4B, 0xB0, 0x21, 0x50,
    0x58, 0x40, 0x16, 0x03, 0x01, 0x01, 0x04, 0x01, 0x00, 0x05, 0x01, 0x00, 0x67, 0x06, 0x01, 0x05,
    0x05, 0x02, 0x5F, 0x00, 0x02, 0x02, 0x3B, 0x05, 0x4E, 0x1B, 0x40, 0x1B, 0x00, 0x02, 0x01, 0x05,
    0x02, 0x57, 0x03, 0x01, 0x01, 0x04, 0x01, 0x00, 0x05, 0x01, 0x00, 0x67, 0x00, 0x02, 0x02, 0x05,
    0x5F, 0x06, 0x01, 0x05, 0x02, 0x05, 0x4F, 0x59, 0x40, 0x0E, 0x00, 0x00, 0x00, 0x0B, 0x00, 0x0B,
    0x11, 0x11, 0x11, 0x11, 0x11, 0x07, 0x09, 0x1B, 0x2B, 0x25, 0x35, 0x23, 0x35, 0x33, 0x35, 0x33,
    0x15, 0x33, 0x15, 0x23, 0x15, 0x01, 0x00, 0xBF, 0xBF, 0x58, 0xBF, 0xBF, 0x5F, 0xC3, 0x50, 0xC3,
    0xC3, 0x50, 0xC3, 0x00, 0x00, 0x01, 0x00, 0x55, 0x00, 0x41, 0x02, 0x03, 0x02, 0x53, 0x00, 0x0C,
    0x00, 0x06, 0xB3, 0x0A, 0x00, 0x01, 0x32, 0x2B, 0x37, 0x35, 0x25, 0x36, 0x36, 0x37, 0x26, 0x26,
    0x27, 0x25, 0x35, 0x05, 0x15, 0x55, 0x01, 0x36, 0x13, 0x21, 0x08, 0x09, 0x22, 0x11, 0xFE, 0xCA,
    0x01, 0xAE, 0x41, 0x57, 0x98, 0x09, 0x0D, 0x02, 0x02, 0x0E, 0x08, 0x99, 0x5A, 0xD7, 0x64, 0x00,
    0x00, 0x01, 0x00, 0x55, 0x00, 0x41, 0x02, 0x03, 0x02, 0x53, 0x00, 0x0C, 0x00, 0x06, 0xB3, 0x03,
    0x00, 0x01, 0x32, 0x2B, 0x25, 0x25, 0x35, 0x25, 0x15, 0x05, 0x06, 0x06, 0x07, 0x16, 0x16, 0x17,
    0x05, 0x02, 0x03, 0xFE, 0x52, 0x01, 0xAE, 0xFE, 0xCA, 0x13, 0x21, 0x08, 0x09, 0x22, 0x11, 0x01,
    0x36, 0x41, 0xD7, 0x64, 0xD7, 0x57, 0x98, 0x09, 0x0D, 0x02, 0x02, 0x0D, 0x09, 0x99, 0x00, 0x05,
    0x00, 0x0E, 0xFF, 0xFB, 0x02, 0x4A, 0x02, 0xDF, 0x00, 0x0D, 0x00, 0x11, 0x00, 0x1F, 0x00, 0x2D,
    0x00, 0x3B, 0x00, 0x99, 0x4B, 0xB0, 0x2E, 0x50, 0x58, 0x40, 0x2C, 0x0C, 0x01, 0x04, 0x0A, 0x01,
    0x00, 0x07, 0x04, 0x00, 0x69, 0x00, 0x07, 0x00, 0x09, 0x08, 0x07, 0x09, 0x69, 0x00, 0x05, 0x05,
    0x01, 0x61, 0x02, 0x01, 0x01, 0x01, 0x38, 0x4D, 0x0E, 0x01, 0x08, 0x08, 0x03, 0x61, 0x0D, 0x06,
    0x0B, 0x03, 0x03, 0x03, 0x39, 0x03, 0x4E, 0x1B, 0x40, 0x34, 0x0C, 0x01, 0x04, 0x0A, 0x01, 0x00,
    0x07, 0x04, 0x00, 0x69, 0x00, 0x07, 0x00, 0x09, 0x08, 0x07, 0x09, 0x69, 0x00, 0x02, 0x02, 0x38,
    0x4D, 0x00, 0x05, 0x05, 0x01, 0x61, 0x00, 0x01, 0x01, 0x38, 0x4D, 0x0B, 0x01, 0x03, 0x03, 0x39,
    0x4D, 0x0E, 0x01, 0x08, 0x08, 0x06, 0x61, 0x0D, 0x01, 0x06, 0x06, 0x42, 0x06, 0x4E, 0x59, 0x40,
    0x2B, 0x2F, 0x2E, 0x21, 0x20, 0x13, 0x12, 0x0E, 0x0E, 0x01, 0x00, 0x36, 0x34, 0x2E, 0x3B, 0x2F,
    0x3B, 0x28, 0x26, 0x20, 0x2D, 0x21, 0x2D, 0x1A, 0x18, 0x12, 0x1F, 0x13, 0x1F, 0x0E, 0x11, 0x0E,
    0x11, 0x10, 0x0F, 0x08, 0x06, 0x00, 0x0D, 0x01, 0x0D, 0x0F, 0x09, 0x16, 0x2B, 0x13, 0x22, 0x26,
    0x37, 0x35, 0x26, 0x36, 0x33, 0x32, 0x16, 0x17, 0x15, 0x14, 0x06, 0x03, 0x01, 0x33, 0x01, 0x13,
    0x32, 0x36, 0x35, 0x35, 0x34, 0x26, 0x23, 0x22, 0x06, 0x15, 0x15, 0x14, 0x16, 0x01, 0x22, 0x26,
    0x35, 0x35, 0x26, 0x36, 0x33, 0x32, 0x16, 0x15, 0x15, 0x14, 0x06, 0x27, 0x32, 0x36, 0x35, 0x35,
    0x34, 0x26, 0x23, 0x22, 0x06, 0x15, 0x15, 0x06, 0x16, 0x99, 0x40, 0x4B, 0x01, 0x01, 0x4B, 0x40,
    0x40, 0x4B, 0x01, 0x4B, 0xCC, 0x01, 0xF2, 0x4A, 0xFE, 0x0E, 0x42, 0x1E, 0x23, 0x23, 0x1E, 0x1E,
    0x23, 0x23, 0x01, 0x42, 0x40, 0x4B, 0x01, 0x4C, 0x40, 0x40, 0x4B, 0x4B, 0x40, 0x1E, 0x23, 0x23,
    0x1F, 0x1D, 0x23, 0x01, 0x23, 0x01, 0x90, 0x49, 0x3E, 0x41, 0x3E, 0x49, 0x49, 0x3E, 0x41, 0x3E,
    0x49, 0xFE, 0x70, 0x02, 0xDA, 0xFD, 0x26, 0x01, 0xD4, 0x24, 0x1F, 0x41, 0x1F, 0x24, 0x24, 0x1F,
    0x41, 0x1F, 0x24, 0xFE, 0x27, 0x49, 0x3E, 0x41, 0x3E, 0x49, 0x49, 0x3E, 0x41, 0x3E, 0x49, 0x45,
    0x23, 0x1F, 0x41, 0x1F, 0x24, 0x24, 0x1F, 0x41, 0x1F, 0x23, 0x00, 0x01, 0xFE, 0xA7, 0xFF, 0xAB,
    0x01, 0xA4, 0x02, 0xEE, 0x00, 0x07, 0x00, 0x47, 0x4B, 0xB0, 0x18, 0x50, 0x58, 0x40, 0x14, 0x00,
    0x01, 0x00, 0x02, 0x03, 0x01, 0x02, 0x67, 0x04, 0x01, 0x03, 0x03, 0x00, 0x5F, 0x00, 0x00, 0x00,
    0x38, 0x03, 0x4E, 0x1B, 0x40, 0x19, 0x00, 0x00, 0x01, 0x03, 0x00, 0x57, 0x00, 0x01, 0x00, 0x02,
    0x03, 0x01, 0x02, 0x67, 0x00, 0x00, 0x00, 0x03, 0x5F, 0x04, 0x01, 0x03, 0x00, 0x03, 0x4F, 0x59,
    0x40, 0x0C, 0x00, 0x00, 0x00, 0x07, 0x00, 0x07, 0x11, 0x11, 0x11, 0x05, 0x09, 0x19, 0x2B, 0x05,
    0x11, 0x33, 0x11, 0x21, 0x15, 0x21, 0x11, 0xFE, 0xA7, 0x5A, 0x02, 0xA3, 0xFD, 0x5D, 0x55, 0x03,
    0x43, 0xFE, 0x84, 0x50, 0xFE, 0x89, 0x00, 0x02, 0xFC, 0xA4, 0xFF, 0xAB, 0x01, 0x72, 0x02, 0xEE,
    0x00, 0x07, 0x00, 0x0B, 0x00, 0x56, 0x4B, 0xB0, 0x18, 0x50, 0x58, 0x40, 0x17, 0x00, 0x01, 0x00,
    0x02, 0x03, 0x01, 0x02, 0x67, 0x07, 0x05, 0x06, 0x03, 0x03, 0x03, 0x00, 0x5F, 0x04, 0x01, 0x00,
    0x00, 0x38, 0x03, 0x4E, 0x1B, 0x40, 0x1D, 0x04, 0x01, 0x00, 0x01, 0x03, 0x00, 0x57, 0x00, 0x01,
    0x00, 0x02, 0x03, 0x01, 0x02, 0x67, 0x04, 0x01, 0x00, 0x00, 0x03, 0x5F, 0x07, 0x05, 0x06, 0x03,
    0x03, 0x00, 0x03, 0x4F, 0x59, 0x40, 0x14, 0x08, 0x08, 0x00, 0x00, 0x08, 0x0B, 0x08, 0x0B, 0x0A,
    0x09, 0x00, 0x07, 0x00, 0x07, 0x11, 0x11, 0x11, 0x08, 0x09, 0x19, 0x2B, 0x05, 0x11, 0x33, 0x11,
    0x21, 0x15, 0x21, 0x11, 0x21, 0x11, 0x33, 0x11, 0xFE, 0x52, 0x5A, 0x02, 0xC6, 0xFD, 0x3A, 0xFD,
    0xF8, 0x5A, 0x55, 0x03, 0x43, 0xFE, 0x84, 0x50, 0xFE, 0x89, 0x03, 0x43, 0xFC, 0xBD, 0x00, 0x01,
    0xFE, 0x20, 0x00, 0x5F, 0x01, 0xE0, 0x02, 0x35, 0x00, 0x13, 0x00, 0x5A, 0x4B, 0xB0, 0x21, 0x50,
    0x58, 0x40, 0x1A, 0x05, 0x03, 0x02, 0x01, 0x08, 0x06, 0x02, 0x00, 0x07, 0x01, 0x00, 0x67, 0x0A,
    0x09, 0x02, 0x07, 0x07, 0x02, 0x5F, 0x04, 0x01, 0x02, 0x02, 0x3B, 0x07, 0x4E, 0x1B, 0x40, 0x20,
    0x04, 0x01, 0x02, 0x01, 0x07, 0x02, 0x57, 0x05, 0x03, 0x02, 0x01, 0x08, 0x06, 0x02, 0x00, 0x07,
    0x01, 0x00, 0x67, 0x04, 0x01, 0x02, 0x02, 0x07, 0x5F, 0x0A, 0x09, 0x02, 0x07, 0x02, 0x07, 0x4F,
    0x59, 0x40, 0x12, 0x00, 0x00, 0x00, 0x13, 0x00, 0x13, 0x11, 0x11, 0x11, 0x11, 0x11, 0x11, 0x11,
    0x11, 0x11, 0x0B, 0x09, 0x1F, 0x2B, 0x25, 0x35, 0x23, 0x35, 0x33, 0x35, 0x33, 0x15, 0x21, 0x35,
    0x33, 0x15, 0x33, 0x15, 0x23, 0x15, 0x23, 0x35, 0x21, 0x15, 0xFE, 0xDF, 0xBF, 0xBF, 0x58, 0x01,
    0x92, 0x58, 0xBF, 0xBF, 0x58, 0xFE, 0x6E, 0x5F, 0xC3, 0x50, 0xC3, 0xC3, 0xC3, 0xC3, 0x50, 0xC3,
    0xC3, 0xC3, 0x00, 0x01, 0xFB, 0xFF, 0x00, 0x5F, 0x01, 0xA9, 0x02, 0x35, 0x00, 0x1B, 0x00, 0x6B,
    0x4B, 0xB0, 0x21, 0x50, 0x58, 0x40, 0x1E, 0x07, 0x05, 0x03, 0x03, 0x01, 0x0C, 0x0A, 0x08, 0x03,
    0x00, 0x09, 0x01, 0x00, 0x67, 0x0E, 0x0D, 0x0B, 0x03, 0x09, 0x09, 0x02, 0x5F, 0x06, 0x04, 0x02,
    0x02, 0x02, 0x3B, 0x09, 0x4E, 0x1B, 0x40, 0x25, 0x06, 0x04, 0x02, 0x02, 0x01, 0x09, 0x02, 0x57,
    0x07, 0x05, 0x03, 0x03, 0x01, 0x0C, 0x0A, 0x08, 0x03, 0x00, 0x09, 0x01, 0x00, 0x67, 0x06, 0x04,
    0x02, 0x02, 0x02, 0x09, 0x5F, 0x0E, 0x0D, 0x0B, 0x03, 0x09, 0x02, 0x09, 0x4F, 0x59, 0x40, 0x1A,
    0x00, 0x00, 0x00, 0x1B, 0x00, 0x1B, 0x1A, 0x19, 0x18, 0x17, 0x16, 0x15, 0x14, 0x13, 0x11, 0x11,
    0x11, 0x11, 0x11, 0x11, 0x11, 0x11, 0x11, 0x0F, 0x09, 0x1F, 0x2B, 0x25, 0x35, 0x23, 0x35, 0x33,
    0x35, 0x33, 0x15, 0x21, 0x35, 0x33, 0x15, 0x21, 0x35, 0x33, 0x15, 0x33, 0x15, 0x23, 0x15, 0x23,
    0x35, 0x21, 0x15, 0x23, 0x35, 0x21, 0x15, 0xFC, 0xBE, 0xBF, 0xBF, 0x58, 0x01, 0x92, 0x58, 0x01,
    0x92, 0x58, 0xBF, 0xBF, 0x58, 0xFE, 0x6E, 0x58, 0xFE, 0x6E, 0x5F, 0xC3, 0x50, 0xC3, 0xC3, 0xC3,
    0xC3, 0xC3, 0xC3, 0x50, 0xC3, 0xC3, 0xC3, 0xC3, 0xC3, 0x00, 0x00, 0x04, 0xFE, 0x2A, 0x00, 0x64,
    0x01, 0xAE, 0x02, 0x30, 0x00, 0x0B, 0x00, 0x0F, 0x00, 0x1B, 0x00, 0x1F, 0x00, 0x6F, 0x4B, 0xB0,
    0x18, 0x50, 0x58, 0x40, 0x22, 0x00, 0x03, 0x00, 0x00, 0x03, 0x57, 0x00, 0x06, 0x04, 0x05, 0x06,
    0x57, 0x07, 0x01, 0x05, 0x09, 0x01, 0x04, 0x05, 0x04, 0x65, 0x02, 0x08, 0x02, 0x00, 0x00, 0x01,
    0x61, 0x00, 0x01, 0x01, 0x41, 0x01, 0x4E, 0x1B, 0x40, 0x24, 0x00, 0x03, 0x00, 0x02, 0x00, 0x03,
    0x02, 0x67, 0x00, 0x07, 0x00, 0x06, 0x04, 0x07, 0x06, 0x67, 0x00, 0x05, 0x09, 0x01, 0x04, 0x05,
    0x04, 0x65, 0x08, 0x01, 0x00, 0x00, 0x01, 0x61, 0x00, 0x01, 0x01, 0x41, 0x00, 0x4E, 0x59, 0x40,
    0x1B, 0x11, 0x10, 0x01, 0x00, 0x1F, 0x1E, 0x1D, 0x1C, 0x17, 0x15, 0x10, 0x1B, 0x11, 0x1B, 0x0F,
    0x0E, 0x0D, 0x0C, 0x07, 0x05, 0x00, 0x0B, 0x01, 0x0B, 0x0A, 0x09, 0x16, 0x2B, 0x01, 0x22, 0x26,
    0x35, 0x34, 0x36, 0x33, 0x32, 0x16, 0x15, 0x14, 0x06, 0x25, 0x21, 0x35, 0x21, 0x01, 0x22, 0x26,
    0x35, 0x34, 0x36, 0x33, 0x32, 0x16, 0x15, 0x14, 0x06, 0x25, 0x21, 0x35, 0x21, 0x01, 0x5E, 0x24,
    0x2C, 0x2C, 0x24, 0x24, 0x2C, 0x2C, 0xFE, 0xCE, 0xFD, 0xDA, 0x02, 0x26, 0x01, 0x0E, 0x24, 0x2C,
    0x2C, 0x24, 0x24, 0x2C, 0x2C, 0xFE, 0xCE, 0xFD, 0xDA, 0x02, 0x26, 0x01, 0x90, 0x2B, 0x25, 0x24,
    0x2C, 0x2C, 0x24, 0x25, 0x2B, 0x0A, 0x50, 0xFE, 0x7A, 0x2C, 0x25, 0x24, 0x2B, 0x2B, 0x24, 0x25,
    0x2C, 0x46, 0x50, 0x00, 0x00, 0x01, 0xFE, 0x0C, 0x00, 0x23, 0x02, 0x03, 0x02, 0x71, 0x00, 0x0E,
    0x00, 0x2E, 0x40, 0x2B, 0x04, 0x01, 0x02, 0x01, 0x01, 0x4C, 0x00, 0x00, 0x01, 0x03, 0x00, 0x57,
    0x00, 0x01, 0x00, 0x02, 0x03, 0x01, 0x02, 0x67, 0x00, 0x00, 0x00, 0x03, 0x5F, 0x04, 0x01, 0x03,
    0x00, 0x03, 0x4F, 0x00, 0x00, 0x00, 0x0E, 0x00, 0x0E, 0x11, 0x11, 0x18, 0x05, 0x09, 0x19, 0x2B,
    0x25, 0x37, 0x36, 0x36, 0x37, 0x26, 0x26, 0x27, 0x27, 0x33, 0x17, 0x21, 0x15, 0x21, 0x07, 0xFE,
    0x0C, 0xBE, 0x13, 0x1A, 0x05, 0x05, 0x1C, 0x15, 0xBA, 0x6A, 0xC8, 0x02, 0xC5, 0xFD, 0x3B, 0xC9,
    0x23, 0xEF, 0x17, 0x1C, 0x04, 0x05, 0x1F, 0x19, 0xEB, 0xFF, 0x50, 0xFF, 0xFF, 0xFF, 0xFE, 0x89,
    0x00, 0x2D, 0x01, 0x7F, 0x02, 0x67, 0x00, 0x27, 0x00, 0x56, 0xFE, 0x34, 0x00, 0x00, 0x03, 0x06,
    0x00, 0x3F, 0x00, 0x37, 0x00, 0x08, 0xB1, 0x01, 0x02, 0xB0, 0x37, 0xB0, 0x35, 0x2B, 0x00, 0x02,
    0xFB, 0xB3, 0x00, 0x23, 0x02, 0x03, 0x02, 0x71, 0x00, 0x08, 0x00, 0x0E, 0x00, 0x3C, 0x40, 0x39,
    0x0D, 0x0A, 0x01, 0x03, 0x02, 0x01, 0x01, 0x4C, 0x04, 0x01, 0x00, 0x01, 0x03, 0x00, 0x57, 0x00,
    0x01, 0x00, 0x02, 0x03, 0x01, 0x02, 0x67, 0x04, 0x01, 0x00, 0x00, 0x03, 0x5F, 0x07, 0x05, 0x06,
    0x03, 0x03, 0x00, 0x03, 0x4F, 0x09, 0x09, 0x00, 0x00, 0x09, 0x0E, 0x09, 0x0E, 0x0C, 0x0B, 0x00,
    0x08, 0x00, 0x08, 0x11, 0x11, 0x12, 0x08, 0x09, 0x19, 0x2B, 0x25, 0x13, 0x03, 0x33, 0x17, 0x21,
    0x15, 0x21, 0x07, 0x21, 0x13, 0x03, 0x33, 0x13, 0x03, 0xFC, 0xDF, 0xEB, 0xEB, 0x6A, 0xC8, 0x03,
    0xF2, 0xFC, 0x0E, 0xC9, 0xFE, 0x6B, 0xEB, 0xEB, 0x6A, 0xE7, 0xE8, 0x23, 0x01, 0x26, 0x01, 0x28,
    0xFF, 0x50, 0xFF, 0x01, 0x26, 0x01, 0x28, 0xFE, 0xD9, 0xFE, 0xD9, 0x00, 0x00, 0x01, 0xFD, 0xF3,
    0x00, 0x23, 0x01, 0xF4, 0x02, 0x71, 0x00, 0x0E, 0x00, 0x30, 0x40, 0x2D, 0x01, 0x01, 0x02, 0x01,
    0x01, 0x4C, 0x00, 0x00, 0x01, 0x00, 0x85, 0x04, 0x01, 0x03, 0x02, 0x03, 0x86, 0x00, 0x01, 0x02,
    0x02, 0x01, 0x57, 0x00, 0x01, 0x01, 0x02, 0x60, 0x00, 0x02, 0x01, 0x02, 0x50, 0x00, 0x00, 0x00,
    0x0E, 0x00, 0x0E, 0x11, 0x23, 0x12, 0x05, 0x09, 0x19, 0x2B, 0x25, 0x03, 0x13, 0x33, 0x07, 0x06,
    0x06, 0x07, 0x21, 0x15, 0x21, 0x16, 0x16, 0x17, 0x17, 0xFE, 0xDA, 0xE7, 0xE8, 0x69, 0xBE, 0x03,
    0x07, 0x03, 0x03, 0x7B, 0xFC, 0x86, 0x04, 0x08, 0x04, 0xBA, 0x23, 0x01, 0x27, 0x01, 0x27, 0xEF,
    0x04, 0x08, 0x04, 0x50, 0x04, 0x0B, 0x05, 0xEB, 0x00, 0x01, 0xFB, 0x9B, 0x00, 0x23, 0x02, 0x03,
    0x02, 0x71, 0x00, 0x0E, 0x00, 0x30, 0x40, 0x2D, 0x01, 0x01, 0x02, 0x01, 0x01, 0x4C, 0x00, 0x00,
    0x01, 0x00, 0x85, 0x04, 0x01, 0x03, 0x02, 0x03, 0x86, 0x00, 0x01, 0x02, 0x02, 0x01, 0x57, 0x00,
    0x01, 0x01, 0x02, 0x60, 0x00, 0x02, 0x01, 0x02, 0x50, 0x00, 0x00, 0x00, 0x0E, 0x00, 0x0E, 0x11,
    0x23, 0x12, 0x05, 0x09, 0x19, 0x2B, 0x25, 0x03, 0x13, 0x33, 0x07, 0x06, 0x06, 0x07, 0x21, 0x15,
    0x21, 0x16, 0x16, 0x17, 0x17, 0xFC, 0x82, 0xE7, 0xE8, 0x69, 0xBE, 0x03, 0x07, 0x03, 0x05, 0xE2,
    0xFA, 0x1A, 0x05, 0x0A, 0x06, 0xBA, 0x23, 0x01, 0x27, 0x01, 0x27, 0xEF, 0x04, 0x08, 0x04, 0x4B,
    0x05, 0x0D, 0x07, 0xEB, 0xFF, 0xFF, 0xFE, 0x89, 0x00, 0x2D, 0x01, 0x7F, 0x02, 0x67, 0x00, 0x27,
    0x00, 0x57, 0xFE, 0x34, 0x00, 0x00, 0x03, 0x06, 0x00, 0x3F, 0x00, 0x37, 0x00, 0x08, 0xB1, 0x01,
    0x02, 0xB0, 0x37, 0xB0, 0x35, 0x2B, 0x00, 0x04, 0xF9, 0x43, 0xFF, 0xFB, 0x02, 0x03, 0x02, 0xDA,
    0x00, 0x03, 0x00, 0x10, 0x00, 0x14, 0x00, 0x22, 0x00, 0x62, 0x40, 0x5F, 0x05, 0x01, 0x04, 0x03,
    0x01, 0x4C, 0x00, 0x02, 0x00, 0x03, 0x00, 0x02, 0x03, 0x80, 0x0B, 0x01, 0x05, 0x09, 0x08, 0x09,
    0x05, 0x08, 0x80, 0x06, 0x01, 0x03, 0x0C, 0x07, 0x02, 0x04, 0x01, 0x03, 0x04, 0x68, 0x0A, 0x01,
    0x01, 0x01, 0x00, 0x5F, 0x00, 0x00, 0x00, 0x38, 0x4D, 0x00, 0x09, 0x09, 0x08, 0x61, 0x0D, 0x01,
    0x08, 0x08, 0x42, 0x08, 0x4E, 0x16, 0x15, 0x11, 0x11, 0x04, 0x04, 0x00, 0x00, 0x1D, 0x1A, 0x15,
    0x22, 0x16, 0x21, 0x11, 0x14, 0x11, 0x14, 0x13, 0x12, 0x04, 0x10, 0x04, 0x10, 0x0D, 0x0C, 0x0B,
    0x0A, 0x07, 0x06, 0x00, 0x03, 0x00, 0x03, 0x11, 0x0E, 0x09, 0x17, 0x2B, 0x25, 0x03, 0x33, 0x03,
    0x05, 0x03, 0x13, 0x33, 0x07, 0x06, 0x07, 0x21, 0x15, 0x21, 0x16, 0x17, 0x17, 0x25, 0x35, 0x21,
    0x15, 0x01, 0x22, 0x26, 0x35, 0x34, 0x36, 0x33, 0x33, 0x32, 0x16, 0x15, 0x14, 0x06, 0x23, 0xFC,
    0x53, 0x0C, 0x6A, 0x0C, 0xFD, 0x85, 0xE7, 0xE8, 0x69, 0xBE, 0x07, 0x06, 0x01, 0xEB, 0xFE, 0x16,
    0x08, 0x08, 0xBA, 0x02, 0xB0, 0x04, 0xBF, 0xFA, 0x6A, 0x1A, 0x22, 0x22, 0x1A, 0x1E, 0x1D, 0x1F,
    0x22, 0x1A, 0xD7, 0x02, 0x03, 0xFD, 0xFD, 0xB4, 0x01, 0x27, 0x01, 0x27, 0xEF, 0x08, 0x08, 0x50,
    0x0A, 0x0A, 0xEB, 0xFF, 0x50, 0x50, 0xFE, 0xD9, 0x22, 0x1A, 0x1A, 0x22, 0x21, 0x1A, 0x1A, 0x23,
    0x00, 0x04, 0xF9, 0x43, 0x00, 0x00, 0x02, 0x03, 0x02, 0xDA, 0x00, 0x1B, 0x00, 0x24, 0x00, 0x28,
    0x00, 0x2C, 0x00, 0x7D, 0x40, 0x7A, 0x1D, 0x01, 0x10, 0x0F, 0x01, 0x4C, 0x00, 0x0E, 0x04, 0x03,
    0x04, 0x0E, 0x03, 0x80, 0x17, 0x01, 0x11, 0x00, 0x0B, 0x00, 0x11, 0x0B, 0x80, 0x07, 0x05, 0x02,
    0x03, 0x13, 0x08, 0x02, 0x02, 0x0F, 0x03, 0x02, 0x68, 0x14, 0x01, 0x0F, 0x18, 0x15, 0x02, 0x10,
    0x01, 0x0F, 0x10, 0x68, 0x12, 0x09, 0x02, 0x01, 0x0C, 0x0A, 0x02, 0x00, 0x11, 0x01, 0x00, 0x67,
    0x06, 0x01, 0x04, 0x04, 0x38, 0x4D, 0x16, 0x0D, 0x02, 0x0B, 0x0B, 0x39, 0x0B, 0x4E, 0x29, 0x29,
    0x1C, 0x1C, 0x00, 0x00, 0x29, 0x2C, 0x29, 0x2C, 0x2B, 0x2A, 0x28, 0x27, 0x26, 0x25, 0x1C, 0x24,
    0x1C, 0x24, 0x23, 0x22, 0x21, 0x20, 0x1F, 0x1E, 0x00, 0x1B, 0x00, 0x1B, 0x1A, 0x19, 0x18, 0x17,
    0x16, 0x15, 0x14, 0x13, 0x11, 0x11, 0x11, 0x11, 0x11, 0x11, 0x11, 0x11, 0x11, 0x19, 0x09, 0x1F,
    0x2B, 0x21, 0x37, 0x23, 0x35, 0x33, 0x37, 0x23, 0x35, 0x33, 0x37, 0x33, 0x07, 0x33, 0x37, 0x33,
    0x07, 0x33, 0x15, 0x23, 0x07, 0x33, 0x15, 0x23, 0x07, 0x23, 0x37, 0x23, 0x07, 0x25, 0x03, 0x13,
    0x33, 0x07, 0x21, 0x15, 0x21, 0x17, 0x25, 0x33, 0x37, 0x23, 0x05, 0x35, 0x21, 0x15, 0xFB, 0xA3,
    0x27, 0x57, 0x62, 0x22, 0x61, 0x6C, 0x27, 0x46, 0x27, 0xA0, 0x27, 0x46, 0x27, 0x57, 0x62, 0x22,
    0x61, 0x6C, 0x27, 0x46, 0x27, 0xA0, 0x27, 0xFE, 0x41, 0xE7, 0xE8, 0x69, 0xCB, 0x01, 0x69, 0xFE,
    0x98, 0xCA, 0x01, 0x87, 0xA0, 0x22, 0xA0, 0x01, 0x93, 0x04, 0x33, 0xD2, 0x41, 0xB4, 0x41, 0xD2,
    0xD2, 0xD2, 0xD2, 0x41, 0xB4, 0x41, 0xD2, 0xD2, 0xD2, 0x23, 0x01, 0x27, 0x01, 0x27, 0xFF, 0x50,
    0xFF, 0xF0, 0xB4, 0xA5, 0x50, 0x50, 0x00, 0x02, 0xFD, 0xEE, 0x00, 0x2D, 0x02, 0x26, 0x02, 0x67,
    0x00, 0x0B, 0x00, 0x18, 0x00, 0x3E, 0x40, 0x3B, 0x10, 0x0F, 0x0E, 0x03, 0x01, 0x02, 0x14, 0x01,
    0x00, 0x01, 0x18, 0x0D, 0x0C, 0x03, 0x05, 0x00, 0x03, 0x4C, 0x00, 0x02, 0x01, 0x05, 0x02, 0x57,
    0x03, 0x01, 0x01, 0x04, 0x01, 0x00, 0x05, 0x01, 0x00, 0x67, 0x00, 0x02, 0x02, 0x05, 0x5F, 0x06,
    0x01, 0x05, 0x02, 0x05, 0x4F, 0x00, 0x00, 0x00, 0x0B, 0x00, 0x0B, 0x11, 0x11, 0x11, 0x11, 0x11,
    0x07, 0x09, 0x1B, 0x2B, 0x37, 0x35, 0x23, 0x35, 0x33, 0x35, 0x33, 0x15, 0x33, 0x15, 0x23, 0x15,
    0x25, 0x25, 0x35, 0x25, 0x15, 0x05, 0x06, 0x06, 0x07, 0x16, 0x16, 0x17, 0x05, 0xDD, 0xF1, 0xF1,
    0x58, 0xF1, 0xF1, 0xFE, 0x67, 0xFE, 0x52, 0x01, 0xAE, 0xFE, 0xCA, 0x13, 0x21, 0x08, 0x09, 0x22,
    0x11, 0x01, 0x36, 0x2D, 0xF5, 0x50, 0xF5, 0xF5, 0x50, 0xF5, 0x14, 0xD7, 0x64, 0xD7, 0x57, 0x98,
    0x09, 0x0D, 0x02, 0x02, 0x0D, 0x09, 0x99, 0x00, 0x00, 0x02, 0xFB, 0x9B, 0x00, 0x23, 0x02, 0x03,
    0x02, 0x71, 0x00, 0x08, 0x00, 0x0E, 0x00, 0x3C, 0x40, 0x39, 0x0D, 0x0A, 0x01, 0x03, 0x02, 0x01,
    0x01, 0x4C, 0x04, 0x01, 0x00, 0x01, 0x03, 0x00, 0x57, 0x00, 0x01, 0x00, 0x02, 0x03, 0x01, 0x02,
    0x68, 0x04, 0x01, 0x00, 0x00, 0x03, 0x5F, 0x07, 0x05, 0x06, 0x03, 0x03, 0x00, 0x03, 0x4F, 0x09,
    0x09, 0x00, 0x00, 0x09, 0x0E, 0x09, 0x0E, 0x0C, 0x0B, 0x00, 0x08, 0x00, 0x08, 0x11, 0x11, 0x12,
    0x08, 0x09, 0x19, 0x2B, 0x25, 0x03, 0x13, 0x33, 0x07, 0x21, 0x15, 0x21, 0x13, 0x21, 0x03, 0x13,
    0x33, 0x03, 0x13, 0xFD, 0xAE, 0xE7, 0xE8, 0x69, 0xCB, 0x04, 0xB6, 0xFB, 0x46, 0xCF, 0xFE, 0x6A,
    0xE7, 0xE8, 0x69, 0xEA, 0xEA, 0x23, 0x01, 0x27, 0x01, 0x27, 0xFF, 0x4B, 0xFE, 0xFC, 0x01, 0x27,
    0x01, 0x27, 0xFE, 0xDA, 0xFE, 0xD8, 0x00, 0x01, 0xFE, 0x2A, 0xFF, 0x92, 0x01, 0xEA, 0x03, 0x3E,
    0x00, 0x10, 0x00, 0x23, 0x40, 0x20, 0x0D, 0x09, 0x05, 0x04, 0x03, 0x02, 0x01, 0x07, 0x01, 0x00,
    0x01, 0x4C, 0x00, 0x00, 0x01, 0x00, 0x85, 0x02, 0x01, 0x01, 0x01, 0x76, 0x00, 0x00, 0x00, 0x10,
    0x00, 0x10, 0x1E, 0x03, 0x09, 0x17, 0x2B, 0x17, 0x37, 0x01, 0x35, 0x25, 0x15, 0x05, 0x06, 0x06,
    0x07, 0x16, 0x16, 0x17, 0x05, 0x01, 0x33, 0x01, 0x28, 0x2B, 0xFD, 0xD7, 0x01, 0xAE, 0xFE, 0xCA,
    0x11, 0x1C, 0x07, 0x07, 0x1C, 0x11, 0x01, 0xCD, 0x01, 0x1C, 0x5F, 0xFE, 0x9D, 0x6E, 0x71, 0x01,
    0x15, 0x64, 0xD7, 0x5A, 0x97, 0x09, 0x0C, 0x02, 0x02, 0x0C, 0x09, 0xE6, 0x02, 0xF0, 0xFC, 0x54,
    0x00, 0x01, 0xFE, 0x11, 0x00, 0xDC, 0x01, 0xF4, 0x01, 0xB8, 0x00, 0x1E, 0x00, 0x6E, 0x4B, 0xB0,
    0x11, 0x50, 0x58, 0x40, 0x22, 0x00, 0x03, 0x00, 0x01, 0x04, 0x03, 0x01, 0x69, 0x00, 0x04, 0x06,
    0x00, 0x04, 0x59, 0x00, 0x05, 0x00, 0x06, 0x00, 0x05, 0x06, 0x67, 0x00, 0x04, 0x04, 0x00, 0x61,
    0x02, 0x07, 0x02, 0x00, 0x04, 0x00, 0x51, 0x1B, 0x40, 0x29, 0x00, 0x02, 0x06, 0x00, 0x06, 0x02,
    0x00, 0x80, 0x00, 0x03, 0x00, 0x01, 0x04, 0x03, 0x01, 0x69, 0x00, 0x04, 0x06, 0x00, 0x04, 0x59,
    0x00, 0x05, 0x00, 0x06, 0x02, 0x05, 0x06, 0x67, 0x00, 0x04, 0x04, 0x00, 0x61, 0x07, 0x01, 0x00,
    0x04, 0x00, 0x51, 0x59, 0x40, 0x15, 0x01, 0x00, 0x1C, 0x1B, 0x1A, 0x18, 0x16, 0x14, 0x10, 0x0E,
    0x0B, 0x0A, 0x07, 0x05, 0x00, 0x1E, 0x01, 0x1E, 0x08, 0x09, 0x16, 0x2B, 0x27, 0x22, 0x2E, 0x03,
    0x23, 0x22, 0x06, 0x15, 0x15, 0x23, 0x35, 0x34, 0x36, 0x33, 0x32, 0x1E, 0x03, 0x33, 0x32, 0x36,
    0x35, 0x35, 0x21, 0x15, 0x21, 0x06, 0x06, 0x64, 0x29, 0x38, 0x29, 0x24, 0x27, 0x1B, 0x1F, 0x27,
    0x55, 0x55, 0x46, 0x2A, 0x39, 0x29, 0x23, 0x27, 0x1A, 0x20, 0x26, 0x02, 0x12, 0xFE, 0x2F, 0x13,
    0x46, 0xDC, 0x1D, 0x2B, 0x2C, 0x1D, 0x26, 0x20, 0x3C, 0x3C, 0x41, 0x50, 0x1D, 0x2B, 0x2C, 0x1D,
    0x28, 0x1E, 0x05, 0x50, 0x21, 0x25, 0x00, 0x00, 0x00, 0x01, 0x00, 0x00, 0x00, 0x6B, 0x01, 0xB8,
    0x00, 0x6E, 0x00, 0x87, 0x00, 0x06, 0x00, 0x02, 0x02, 0x94, 0x03, 0xF6, 0x00, 0x8D, 0x00, 0x00,
    0x05, 0x60, 0x0E, 0x0C, 0x00, 0x03, 0x00, 0x01, 0x00, 0x00, 0x00, 0x00, 0x00, 0x37, 0x00, 0x87,
    0x00, 0xCE, 0x01, 0x05, 0x01, 0x33, 0x01, 0x63, 0x01, 0x81, 0x01, 0xBC, 0x01, 0xED, 0x02, 0x22,
    0x02, 0x7C, 0x02, 0xAC, 0x02, 0xF6, 0x03, 0x34, 0x03, 0xAD, 0x04, 0x20, 0x04, 0x58, 0x04, 0x89,
    0x04, 0xB9, 0x04, 0xE5, 0x05, 0x41, 0x05, 0x6A, 0x05, 0xAB, 0x05, 0xF7, 0x06, 0x27, 0x06, 0x6F,
    0x06, 0xC0, 0x06, 0xFD, 0x07, 0x6E, 0x07, 0xBD, 0x07, 0xCC, 0x07, 0xDB, 0x07, 0xEA, 0x07, 0xF9,
    0x08, 0x08, 0x08, 0x17, 0x08, 0x26, 0x08, 0x35, 0x08, 0x44, 0x08, 0x53, 0x08, 0x61, 0x08, 0x6F,
    0x08, 0x7D, 0x08, 0x8B, 0x08, 0x99, 0x08, 0xA7, 0x08, 0xB5, 0x08, 0xC3, 0x08, 0xD1, 0x08, 0xDF,
    0x09, 0x20, 0x09, 0x4A, 0x09, 0x8D, 0x09, 0xD7, 0x0A, 0x06, 0x0A, 0x4B, 0x0A, 0x94, 0x0A, 0xD1,
    0x0B, 0x3C, 0x0B, 0x86, 0x0B, 0xA1, 0x0B, 0xC4, 0x0C, 0x01, 0x0C, 0x6B, 0x0C, 0xC1, 0x0C, 0xDB,
    0x0D, 0x1A, 0x0D, 0x36, 0x0D, 0x5E, 0x0D, 0x91, 0x0E, 0x4B, 0x0F, 0x05, 0x0F, 0x11, 0x0F, 0x21,
    0x0F, 0x2D, 0x0F, 0x3E, 0x0F, 0x4A, 0x0F, 0x56, 0x0F, 0x68, 0x10, 0x0E, 0x10, 0x1A, 0x10, 0x2A,
    0x10, 0x51, 0x10, 0x51, 0x10, 0x8C, 0x10, 0xAA, 0x10, 0xC9, 0x11, 0x6F, 0x11, 0xA5, 0x11, 0xE9,
    0x12, 0x33, 0x12, 0x8F, 0x12, 0xFC, 0x13, 0x30, 0x13, 0x41, 0x13, 0x80, 0x13, 0xB6, 0x13, 0xEC,
    0x13, 0xFD, 0x14, 0x6A, 0x14, 0xED, 0x15, 0x36, 0x15, 0x75, 0x15, 0xAA, 0x16, 0x0D, 0x16, 0x0D,
    0x00, 0x01, 0x00, 0x00, 0x00, 0x02, 0x4D, 0xD3, 0x21, 0xD1, 0x35, 0xD9, 0x5F, 0x0F, 0x3C, 0xF5,
    0x00, 0x0F, 0x03, 0xE8, 0x00, 0x00, 0x00, 0x00, 0xDF, 0xE8, 0x66, 0x79, 0x00, 0x00, 0x00, 0x00,
    0xDF, 0xE8, 0x68, 0x84, 0xF9, 0x39, 0xFE, 0x70, 0x02, 0xFD, 0x04, 0x60, 0x00, 0x00, 0x00, 0x06,
    0x00, 0x02, 0x00, 0x00, 0x00, 0x00, 0x00, 0x00, 0x02, 0x58, 0x00, 0x5A, 0x00, 0x32, 0x00, 0x5D,
    0x00, 0x5C, 0x00, 0x5C, 0x00, 0x64, 0x00, 0x5C, 0x00, 0x82, 0x00, 0x48, 0x00, 0x5A, 0x00, 0x5C,
    0x00, 0x48, 0x00, 0x5A, 0x00, 0x14, 0x00, 0x28, 0x00, 0x43, 0x00, 0x58, 0x00, 0x5C, 0x00, 0x61,
    0x00, 0x5A, 0x00, 0x5A, 0x00, 0x50, 0x00, 0x5A, 0x00, 0x4C, 0x00, 0x46, 0x00, 0x46, 0x00, 0x4B,
    0x00, 0x40, 0x00, 0x52, 0x00, 0x42, 0x00, 0x40, 0x00, 0x89, 0x00, 0x96, 0x00, 0x93, 0x00, 0x8B,
    0x00, 0x8F, 0x00, 0x8D, 0x00, 0x86, 0x00, 0x94, 0x00, 0x87, 0x00, 0x8B, 0x00, 0x89, 0x00, 0x96,
    0x00, 0x93, 0x00, 0x8B, 0x00, 0x8F, 0x00, 0x8D, 0x00, 0x86, 0x00, 0x94, 0x00, 0x87, 0x00, 0x8B,
    0x00, 0x89, 0x00, 0x96, 0x00, 0x93, 0x00, 0x8B, 0x00, 0x8F, 0x00, 0x8D, 0x00, 0x86, 0x00, 0x94,
    0x00, 0x87, 0x00, 0x8B, 0x00, 0x05, 0x00, 0xDA, 0x00, 0xD9, 0x00, 0x82, 0x00, 0x24, 0x00, 0x4B,
    0x00, 0xD9, 0x00, 0x8C, 0xFE, 0x34, 0xFB, 0xDC, 0xF9, 0x7F, 0xF9, 0x7F, 0xFE, 0xD4, 0xFC, 0x90,
    0xFE, 0xD1, 0xFC, 0xC9, 0xFE, 0x90, 0xFE, 0x90, 0xFD, 0xCC, 0xFD, 0xCB, 0xFE, 0x3E, 0xFC, 0x13,
    0xFE, 0x66, 0x00, 0x00, 0x00, 0x41, 0x00, 0x55, 0x00, 0x55, 0x00, 0x0E, 0xFE, 0xA7, 0xFC, 0xA4,
    0xFE, 0x20, 0xFB, 0xFF, 0xFE, 0x2A, 0xFE, 0x0C, 0xFE, 0x89, 0xFB, 0xB3, 0xFD, 0xF3, 0xFB, 0x9B,
    0xFE, 0x89, 0xF9, 0x43, 0xF9, 0x43, 0xFD, 0xEE, 0xFB, 0x9B, 0xFE, 0x2A, 0xFE, 0x11, 0x00, 0x00,
    0x00, 0x01, 0x00, 0x00, 0x03, 0xFC, 0xFE, 0xD4, 0x00, 0x00, 0x02, 0x58, 0xF9, 0x39, 0xFF, 0x5B,
    0x02, 0xFD, 0x00, 0x01, 0x00, 0x00, 0x00, 0x00, 0x00, 0x00, 0x00, 0x00, 0x00, 0x00, 0x00, 0x00,
    0x00, 0x00, 0x00, 0x01, 0x00, 0x04, 0x02, 0x58, 0x01, 0x90, 0x00, 0x05, 0x00, 0x00, 0x02, 0x8A,
    0x02, 0x58, 0x00, 0x00, 0x00, 0x4B, 0x02, 0x8A, 0x02, 0x58, 0x00, 0x00, 0x01, 0x5E, 0x00, 0x32,
    0x01, 0x40, 0x00, 0x00, 0x02, 0x00, 0x00, 0x09, 0x00, 0x00, 0x00, 0x00, 0x00, 0x00, 0x00, 0x00,
    0x00, 0x01, 0x00, 0x00, 0x00, 0x00, 0x00, 0x00, 0x00, 0x00, 0x00, 0x00, 0x00, 0x00, 0x4A, 0x42,
    0x00, 0x00, 0x00, 0xC0, 0x00, 0x20, 0x00, 0x7A, 0x03, 0xFC, 0xFE, 0xD4, 0x00, 0x00, 0x03, 0xFC,
    0x01, 0x2C, 0x00, 0x00, 0x00, 0x01, 0x00, 0x00, 0x00, 0x00, 0x02, 0x26, 0x02, 0xDA, 0x00, 0x00,
    0x00, 0x20, 0x00, 0x06, 0x00, 0x00, 0x00, 0x02, 0x00, 0x00, 0x00, 0x03, 0x00, 0x00, 0x00, 0x14,
    0x00, 0x03, 0x00, 0x01, 0x00, 0x00, 0x00, 0x14, 0x00, 0x04, 0x00, 0xA6, 0x00, 0x00, 0x00, 0x24,
    0x00, 0x20, 0x00, 0x04, 0x00, 0x04, 0x00, 0x20, 0x00, 0x25, 0x00, 0x2B, 0x00, 0x2F, 0x00, 0x39,
    0x00, 0x3A, 0x00, 0x45, 0x00, 0x4E, 0x00, 0x50, 0x00, 0x53, 0x00, 0x55, 0x00, 0x58, 0x00, 0x61,
    0x00, 0x68, 0x00, 0x6B, 0x00, 0x75, 0x00, 0x7A, 0xFF, 0xFF, 0x00, 0x00, 0x00, 0x20, 0x00, 0x25,
    0x00, 0x2B, 0x00, 0x2D, 0x00, 0x30, 0x00, 0x3A, 0x00, 0x41, 0x00, 0x4B, 0x00, 0x50, 0x00, 0x53,
    0x00, 0x55, 0x00, 0x57, 0x00, 0x61, 0x00, 0x67, 0x00, 0x6B, 0x00, 0x75, 0x00, 0x7A, 0xFF, 0xFF,
    0x00, 0x34, 0x00, 0x33, 0x00, 0x2A, 0x00, 0x00, 0xFF, 0xE5, 0x00, 0x05, 0xFF, 0xC0, 0xFF, 0xBB,
    0xFF, 0xBA, 0xFF, 0xB8, 0xFF, 0xB7, 0xFF, 0xB6, 0xFF, 0xAE, 0xFF, 0xA9, 0xFF, 0xA7, 0xFF, 0x9E,
    0xFF, 0x9A, 0x00, 0x01, 0x00, 0x00, 0x00, 0x00, 0x00, 0x00, 0x00, 0x1E, 0x00, 0x00, 0x00, 0x00,
    0x00, 0x00, 0x00, 0x00, 0x00, 0x00, 0x00, 0x00, 0x00, 0x00, 0x00, 0x00, 0x00, 0x00, 0x00, 0x00,
    0x00, 0x00, 0x00, 0x00, 0x00, 0x00, 0x00, 0x00, 0x00, 0x44, 0x00, 0x3E, 0x00, 0x42, 0x00, 0x00,
    0xB0, 0x00, 0x2C, 0x20, 0xB0, 0x00, 0x55, 0x58, 0x45, 0x59, 0x20, 0x20, 0x4B, 0xB8, 0x00, 0x0E,
    0x51, 0x4B, 0xB0, 0x06, 0x53, 0x5A, 0x58, 0xB0, 0x34, 0x1B, 0xB0, 0x28, 0x59, 0x60, 0x66, 0x20,
    0x8A, 0x55, 0x58, 0xB0, 0x02, 0x25, 0x61, 0xB9, 0x08, 0x00, 0x08, 0x00, 0x63, 0x63, 0x23, 0x62,
    0x1B, 0x21, 0x21, 0xB0, 0x00, 0x59, 0xB0, 0x00, 0x43, 0x23, 0x44, 0xB2, 0x00, 0x01, 0x00, 0x43,
    0x60, 0x42, 0x2D, 0xB0, 0x01, 0x2C, 0xB0, 0x20, 0x60, 0x66, 0x2D, 0xB0, 0x02, 0x2C, 0x23, 0x21,
    0x23, 0x21, 0x2D, 0xB0, 0x03, 0x2C, 0x20, 0x64, 0xB3, 0x03, 0x14, 0x15, 0x00, 0x42, 0x43, 0xB0,
    0x13, 0x43, 0x20, 0x60, 0x60, 0x42, 0xB1, 0x02, 0x14, 0x43, 0x42, 0xB1, 0x25, 0x03, 0x43, 0xB0,
    0x02, 0x43, 0x54, 0x78, 0x20, 0xB0, 0x0C, 0x23, 0xB0, 0x02, 0x43, 0x43, 0x61, 0x64, 0xB0, 0x04,
    0x50, 0x78, 0xB2, 0x02, 0x02, 0x02, 0x43, 0x60, 0x42, 0xB0, 0x21, 0x65, 0x1C, 0x21, 0xB0, 0x02,
    0x43, 0x43, 0xB2, 0x0E, 0x15, 0x01, 0x42, 0x1C, 0x20, 0xB0, 0x02, 0x43, 0x23, 0x42, 0xB2, 0x13,
    0x01, 0x13, 0x43, 0x60, 0x42, 0x23, 0xB0, 0x00, 0x50, 0x58, 0x65, 0x59, 0xB2, 0x16, 0x01, 0x02,
    0x43, 0x60, 0x42, 0x2D, 0xB0, 0x04, 0x2C, 0xB0, 0x03, 0x2B, 0xB0, 0x15, 0x43, 0x58, 0x23, 0x21,
    0x23, 0x21, 0xB0, 0x16, 0x43, 0x43, 0x23, 0xB0, 0x00, 0x50, 0x58, 0x65, 0x59, 0x1B, 0x20, 0x64,
    0x20, 0xB0, 0xC0, 0x50, 0xB0, 0x04, 0x26, 0x5A, 0xB2, 0x28, 0x01, 0x0D, 0x43, 0x45, 0x63, 0x45,
    0xB0, 0x06, 0x45, 0x58, 0x21, 0xB0, 0x03, 0x25, 0x59, 0x52, 0x5B, 0x58, 0x21, 0x23, 0x21, 0x1B,
    0x8A, 0x58, 0x20, 0xB0, 0x50, 0x50, 0x58, 0x21, 0xB0, 0x40, 0x59, 0x1B, 0x20, 0xB0, 0x38, 0x50,
    0x58, 0x21, 0xB0, 0x38, 0x59, 0x59, 0x20, 0xB1, 0x01, 0x0D, 0x43, 0x45, 0x63, 0x45, 0x61, 0x64,
    0xB0, 0x28, 0x50, 0x58, 0x21, 0xB1, 0x01, 0x0D, 0x43, 0x45, 0x63, 0x45, 0x20, 0xB0, 0x30, 0x50,
    0x58, 0x21, 0xB0, 0x30, 0x59, 0x1B, 0x20, 0xB0, 0xC0, 0x50, 0x58, 0x20, 0x66, 0x20, 0x8A, 0x8A,
    0x61, 0x20, 0xB0, 0x0A, 0x50, 0x58, 0x60, 0x1B, 0x20, 0xB0, 0x20, 0x50, 0x58, 0x21, 0xB0, 0x0A,
    0x60, 0x1B, 0x20, 0xB0, 0x36, 0x50, 0x58, 0x21, 0xB0, 0x36, 0x60, 0x1B, 0x60, 0x59, 0x59, 0x59,
    0x1B, 0xB0, 0x02, 0x25, 0xB0, 0x0C, 0x43, 0x63, 0xB0, 0x00, 0x52, 0x58, 0xB0, 0x00, 0x4B, 0xB0,
    0x0A, 0x50, 0x58, 0x21, 0xB0, 0x0C, 0x43, 0x1B, 0x4B, 0xB0, 0x1E, 0x50, 0x58, 0x21, 0xB0, 0x1E,
    0x4B, 0x61, 0xB8, 0x10, 0x00, 0x63, 0xB0, 0x0C, 0x43, 0x63, 0xB8, 0x05, 0x00, 0x62, 0x59, 0x59,
    0x64, 0x61, 0x59, 0xB0, 0x01, 0x2B, 0x59, 0x59, 0x23, 0xB0, 0x00, 0x50, 0x58, 0x65, 0x59, 0x59,
    0x20, 0x64, 0xB0, 0x16, 0x43, 0x23, 0x42, 0x59, 0x2D, 0xB0, 0x05, 0x2C, 0x20, 0x45, 0x20, 0xB0,
    0x04, 0x25, 0x61, 0x64, 0x20, 0xB0, 0x07, 0x43, 0x50, 0x58, 0xB0, 0x07, 0x23, 0x42, 0xB0, 0x08,
    0x23, 0x42, 0x1B, 0x21, 0x21, 0x59, 0xB0, 0x01, 0x60, 0x2D, 0xB0, 0x06, 0x2C, 0x23, 0x21, 0x23,
    0x21, 0xB0, 0x03, 0x2B, 0x20, 0x64, 0xB1, 0x07, 0x62, 0x42, 0x20, 0xB0, 0x08, 0x23, 0x42, 0xB0,
    0x06, 0x45, 0x58, 0x1B, 0xB1, 0x01, 0x0D, 0x43, 0x45, 0x63, 0xB1, 0x01, 0x0D, 0x43, 0xB0, 0x05,
    0x60, 0x45, 0x63, 0xB0, 0x05, 0x2A, 0x21, 0x20, 0xB0, 0x08, 0x43, 0x20, 0x8A, 0x20, 0x8A, 0xB0,
    0x01, 0x2B, 0xB1, 0x30, 0x05, 0x25, 0xB0, 0x04, 0x26, 0x51, 0x58, 0x60, 0x50, 0x1B, 0x61, 0x52,
    0x59, 0x58, 0x23, 0x59, 0x21, 0x59, 0x20, 0xB0, 0x40, 0x53, 0x58, 0xB0, 0x01, 0x2B, 0x1B, 0x21,
    0xB0, 0x40, 0x59, 0x23, 0xB0, 0x00, 0x50, 0x58, 0x65, 0x59, 0x2D, 0xB0, 0x07, 0x2C, 0xB0, 0x09,
    0x43, 0x2B, 0xB2, 0x00, 0x02, 0x00, 0x43, 0x60, 0x42, 0x2D, 0xB0, 0x08, 0x2C, 0xB0, 0x09, 0x23,
    0x42, 0x23, 0x20, 0xB0, 0x00, 0x23, 0x42, 0x61, 0xB0, 0x02, 0x62, 0x66, 0xB0, 0x01, 0x63, 0xB0,
    0x01, 0x60, 0xB0, 0x07, 0x2A, 0x2D, 0xB0, 0x09, 0x2C, 0x20, 0x20, 0x45, 0x20, 0xB0, 0x0E, 0x43,
    0x63, 0xB8, 0x04, 0x00, 0x62, 0x20, 0xB0, 0x00, 0x50, 0x58, 0xB0, 0x40, 0x60, 0x59, 0x66, 0xB0,
    0x01, 0x63, 0x60, 0x44, 0xB0, 0x01, 0x60, 0x2D, 0xB0, 0x0A, 0x2C, 0xB2, 0x09, 0x0E, 0x00, 0x43,
    0x45, 0x42, 0x2A, 0x21, 0xB2, 0x00, 0x01, 0x00, 0x43, 0x60, 0x42, 0x2D, 0xB0, 0x0B, 0x2C, 0xB0,
    0x00, 0x43, 0x23, 0x44, 0xB2, 0x00, 0x01, 0x00, 0x43, 0x60, 0x42, 0x2D, 0xB0, 0x0C, 0x2C, 0x20,
    0x20, 0x45, 0x20, 0xB0, 0x01, 0x2B, 0x23, 0xB0, 0x00, 0x43, 0xB0, 0x04, 0x25, 0x60, 0x20, 0x45,
    0x8A, 0x23, 0x61, 0x20, 0x64, 0x20, 0xB0, 0x20, 0x50, 0x58, 0x21, 0xB0, 0x00, 0x1B, 0xB0, 0x30,
    0x50, 0x58, 0xB0, 0x20, 0x1B, 0xB0, 0x40, 0x59, 0x59, 0x23, 0xB0, 0x00, 0x50, 0x58, 0x65, 0x59,
    0xB0, 0x03, 0x25, 0x23, 0x61, 0x44, 0x44, 0xB0, 0x01, 0x60, 0x2D, 0xB0, 0x0D, 0x2C, 0x20, 0x20,
    0x45, 0x20, 0xB0, 0x01, 0x2B, 0x23, 0xB0, 0x00, 0x43, 0xB0, 0x04, 0x25, 0x60, 0x20, 0x45, 0x8A,
    0x23, 0x61, 0x20, 0x64, 0xB0, 0x24, 0x50, 0x58, 0xB0, 0x00, 0x1B, 0xB0, 0x40, 0x59, 0x23, 0xB0,
    0x00, 0x50, 0x58, 0x65, 0x59, 0xB0, 0x03, 0x25, 0x23, 0x61, 0x44, 0x44, 0xB0, 0x01, 0x60, 0x2D,
    0xB0, 0x0E, 0x2C, 0x20, 0xB0, 0x00, 0x23, 0x42, 0xB3, 0x0D, 0x0C, 0x00, 0x03, 0x45, 0x50, 0x58,
    0x21, 0x1B, 0x23, 0x21, 0x59, 0x2A, 0x21, 0x2D, 0xB0, 0x0F, 0x2C, 0xB1, 0x02, 0x02, 0x45, 0xB0,
    0x64, 0x61, 0x44, 0x2D, 0xB0, 0x10, 0x2C, 0xB0, 0x01, 0x60, 0x20, 0x20, 0xB0, 0x0F, 0x43, 0x4A,
    0xB0, 0x00, 0x50, 0x58, 0x20, 0xB0, 0x0F, 0x23, 0x42, 0x59, 0xB0, 0x10, 0x43, 0x4A, 0xB0, 0x00,
    0x52, 0x58, 0x20, 0xB0, 0x10, 0x23, 0x42, 0x59, 0x2D, 0xB0, 0x11, 0x2C, 0x20, 0xB0, 0x10, 0x62,
    0x66, 0xB0, 0x01, 0x63, 0x20, 0xB8, 0x04, 0x00, 0x63, 0x8A, 0x23, 0x61, 0xB0, 0x11, 0x43, 0x60,
    0x20, 0x8A, 0x60, 0x20, 0xB0, 0x11, 0x23, 0x42, 0x23, 0x2D, 0xB0, 0x12, 0x2C, 0x4B, 0x54, 0x58,
    0xB1, 0x04, 0x64, 0x44, 0x59, 0x24, 0xB0, 0x0D, 0x65, 0x23, 0x78, 0x2D, 0xB0, 0x13, 0x2C, 0x4B,
    0x51, 0x58, 0x4B, 0x53, 0x58, 0xB1, 0x04, 0x64, 0x44, 0x59, 0x1B, 0x21, 0x59, 0x24, 0xB0, 0x13,
    0x65, 0x23, 0x78, 0x2D, 0xB0, 0x14, 0x2C, 0xB1, 0x00, 0x12, 0x43, 0x55, 0x58, 0xB1, 0x12, 0x12,
    0x43, 0xB0, 0x01, 0x61, 0x42, 0xB0, 0x11, 0x2B, 0x59, 0xB0, 0x00, 0x43, 0xB0, 0x02, 0x25, 0x42,
    0xB1, 0x0F, 0x02, 0x25, 0x42, 0xB1, 0x10, 0x02, 0x25, 0x42, 0xB0, 0x01, 0x16, 0x23, 0x20, 0xB0,
    0x03, 0x25, 0x50, 0x58, 0xB1, 0x01, 0x00, 0x43, 0x60, 0xB0, 0x04, 0x25, 0x42, 0x8A, 0x8A, 0x20,
    0x8A, 0x23, 0x61, 0xB0, 0x10, 0x2A, 0x21, 0x23, 0xB0, 0x01, 0x61, 0x20, 0x8A, 0x23, 0x61, 0xB0,
    0x10, 0x2A, 0x21, 0x1B, 0xB1, 0x01, 0x00, 0x43, 0x60, 0xB0, 0x02, 0x25, 0x42, 0xB0, 0x02, 0x25,
    0x61, 0xB0, 0x10, 0x2A, 0x21, 0x59, 0xB0, 0x0F, 0x43, 0x47, 0xB0, 0x10, 0x43, 0x47, 0x60, 0xB0,
    0x02, 0x62, 0x20, 0xB0, 0x00, 0x50, 0x58, 0xB0, 0x40, 0x60, 0x59, 0x66, 0xB0, 0x01, 0x63, 0x20,
    0xB0, 0x0E, 0x43, 0x63, 0xB8, 0x04, 0x00, 0x62, 0x20, 0xB0, 0x00, 0x50, 0x58, 0xB0, 0x40, 0x60,
    0x59, 0x66, 0xB0, 0x01, 0x63, 0x60, 0xB1, 0x00, 0x00, 0x13, 0x23, 0x44, 0xB0, 0x01, 0x43, 0xB0,
    0x00, 0x3E, 0xB2, 0x01, 0x01, 0x01, 0x43, 0x60, 0x42, 0x2D, 0xB0, 0x15, 0x2C, 0x00, 0xB1, 0x00,
    0x02, 0x45, 0x54, 0x58, 0xB0, 0x12, 0x23, 0x42, 0x20, 0x45, 0xB0, 0x0E, 0x23, 0x42, 0xB0, 0x0D,
    0x23, 0xB0, 0x05, 0x60, 0x42, 0x20, 0x60, 0xB7, 0x18, 0x18, 0x01, 0x00, 0x11, 0x00, 0x13, 0x00,
    0x42, 0x42, 0x42, 0x8A, 0x60, 0x20, 0xB0, 0x14, 0x23, 0x42, 0xB0, 0x01, 0x61, 0xB1, 0x14, 0x08,
    0x2B, 0xB0, 0x8B, 0x2B, 0x1B, 0x22, 0x59, 0x2D, 0xB0, 0x16, 0x2C, 0xB1, 0x00, 0x15, 0x2B, 0x2D,
    0xB0, 0x17, 0x2C, 0xB1, 0x01, 0x15, 0x2B, 0x2D, 0xB0, 0x18, 0x2C, 0xB1, 0x02, 0x15, 0x2B, 0x2D,
    0xB0, 0x19, 0x2C, 0xB1, 0x03, 0x15, 0x2B, 0x2D, 0xB0, 0x1A, 0x2C, 0xB1, 0x04, 0x15, 0x2B, 0x2D,
    0xB0, 0x1B, 0x2C, 0xB1, 0x05, 0x15, 0x2B, 0x2D, 0xB0, 0x1C, 0x2C, 0xB1, 0x06, 0x15, 0x2B, 0x2D,
    0xB0, 0x1D, 0x2C, 0xB1, 0x07, 0x15, 0x2B, 0x2D, 0xB0, 0x1E, 0x2C, 0xB1, 0x08, 0x15, 0x2B, 0x2D,
    0xB0, 0x1F, 0x2C, 0xB1, 0x09, 0x15, 0x2B, 0x2D, 0xB0, 0x2B, 0x2C, 0x23, 0x20, 0xB0, 0x10, 0x62,
    0x66, 0xB0, 0x01, 0x63, 0xB0, 0x06, 0x60, 0x4B, 0x54, 0x58, 0x23, 0x20, 0x2E, 0xB0, 0x01, 0x5D,
    0x1B, 0x21, 0x21, 0x59, 0x2D, 0xB0, 0x2C, 0x2C, 0x23, 0x20, 0xB0, 0x10, 0x62, 0x66, 0xB0, 0x01,
    0x63, 0xB0, 0x16, 0x60, 0x4B, 0x54, 0x58, 0x23, 0x20, 0x2E, 0xB0, 0x01, 0x71, 0x1B, 0x21, 0x21,
    0x59, 0x2D, 0xB0, 0x2D, 0x2C, 0x23, 0x20, 0xB0, 0x10, 0x62, 0x66, 0xB0, 0x01, 0x63, 0xB0, 0x26,
    0x60, 0x4B, 0x54, 0x58, 0x23, 0x20, 0x2E, 0xB0, 0x01, 0x72, 0x1B, 0x21, 0x21, 0x59, 0x2D, 0xB0,
    0x20, 0x2C, 0x00, 0xB0, 0x0F, 0x2B, 0xB1, 0x00, 0x02, 0x45, 0x54, 0x58, 0xB0, 0x12, 0x23, 0x42,
    0x20, 0x45, 0xB0, 0x0E, 0x23, 0x42, 0xB0, 0x0D, 0x23, 0xB0, 0x05, 0x60, 0x42, 0x20, 0x60, 0xB0,
    0x01, 0x61, 0xB5, 0x18, 0x18, 0x01, 0x00, 0x11, 0x00, 0x42, 0x42, 0x8A, 0x60, 0xB1, 0x14, 0x08,
    0x2B, 0xB0, 0x8B, 0x2B, 0x1B, 0x22, 0x59, 0x2D, 0xB0, 0x21, 0x2C, 0xB1, 0x00, 0x20, 0x2B, 0x2D,
    0xB0, 0x22, 0x2C, 0xB1, 0x01, 0x20, 0x2B, 0x2D, 0xB0, 0x23, 0x2C, 0xB1, 0x02, 0x20, 0x2B, 0x2D,
    0xB0, 0x24, 0x2C, 0xB1, 0x03, 0x20, 0x2B, 0x2D, 0xB0, 0x25, 0x2C, 0xB1, 0x04, 0x20, 0x2B, 0x2D,
    0xB0, 0x26, 0x2C, 0xB1, 0x05, 0x20, 0x2B, 0x2D, 0xB0, 0x27, 0x2C, 0xB1, 0x06, 0x20, 0x2B, 0x2D,
    0xB0, 0x28, 0x2C, 0xB1, 0x07, 0x20, 0x2B, 0x2D, 0xB0, 0x29, 0x2C, 0xB1, 0x08, 0x20, 0x2B, 0x2D,
    0xB0, 0x2A, 0x2C, 0xB1, 0x09, 0x20, 0x2B, 0x2D, 0xB0, 0x2E, 0x2C, 0x20, 0x3C, 0xB0, 0x01, 0x60,
    0x2D, 0xB0, 0x2F, 0x2C, 0x20, 0x60, 0xB0, 0x18, 0x60, 0x20, 0x43, 0x23, 0xB0, 0x01, 0x60, 0x43,
    0xB0, 0x02, 0x25, 0x61, 0xB0, 0x01, 0x60, 0xB0, 0x2E, 0x2A, 0x21, 0x2D, 0xB0, 0x30, 0x2C, 0xB0,
    0x2F, 0x2B, 0xB0, 0x2F, 0x2A, 0x2D, 0xB0, 0x31, 0x2C, 0x20, 0x20, 0x47, 0x20, 0x20, 0xB0, 0x0E,
    0x43, 0x63, 0xB8, 0x04, 0x00, 0x62, 0x20, 0xB0, 0x00, 0x50, 0x58, 0xB0, 0x40, 0x60, 0x59, 0x66,
    0xB0, 0x01, 0x63, 0x60, 0x23, 0x61, 0x38, 0x23, 0x20, 0x8A, 0x55, 0x58, 0x20, 0x47, 0x20, 0x20,
    0xB0, 0x0E, 0x43, 0x63, 0xB8, 0x04, 0x00, 0x62, 0x20, 0xB0, 0x00, 0x50, 0x58, 0xB0, 0x40, 0x60,
    0x59, 0x66, 0xB0, 0x01, 0x63, 0x60, 0x23, 0x61, 0x38, 0x1B, 0x21, 0x59, 0x2D, 0xB0, 0x32, 0x2C,
    0x00, 0xB1, 0x00, 0x02, 0x45, 0x54, 0x58, 0xB1, 0x0E, 0x06, 0x45, 0x42, 0xB0, 0x01, 0x16, 0xB0,
    0x31, 0x2A, 0xB1, 0x05, 0x01, 0x15, 0x45, 0x58, 0x30, 0x59, 0x1B, 0x22, 0x59, 0x2D, 0xB0, 0x33,
    0x2C, 0x00, 0xB0, 0x0F, 0x2B, 0xB1, 0x00, 0x02, 0x45, 0x54, 0x58, 0xB1, 0x0E, 0x06, 0x45, 0x42,
    0xB0, 0x01, 0x16, 0xB0, 0x31, 0x2A, 0xB1, 0x05, 0x01, 0x15, 0x45, 0x58, 0x30, 0x59, 0x1B, 0x22,
    0x59, 0x2D, 0xB0, 0x34, 0x2C, 0x20, 0x35, 0xB0, 0x01, 0x60, 0x2D, 0xB0, 0x35, 0x2C, 0x00, 0xB1,
    0x0E, 0x06, 0x45, 0x42, 0xB0, 0x01, 0x45, 0x63, 0xB8, 0x04, 0x00, 0x62, 0x20, 0xB0, 0x00, 0x50,
    0x58, 0xB0, 0x40, 0x60, 0x59, 0x66, 0xB0, 0x01, 0x63, 0xB0, 0x01, 0x2B, 0xB0, 0x0E, 0x43, 0x63,
    0xB8, 0x04, 0x00, 0x62, 0x20, 0xB0, 0x00, 0x50, 0x58, 0xB0, 0x40, 0x60, 0x59, 0x66, 0xB0, 0x01,
    0x63, 0xB0, 0x01, 0x2B, 0xB0, 0x00, 0x16, 0xB4, 0x00, 0x00, 0x00, 0x00, 0x00, 0x44, 0x3E, 0x23,
    0x38, 0xB1, 0x34, 0x01, 0x15, 0x2A, 0x21, 0x2D, 0xB0, 0x36, 0x2C, 0x20, 0x3C, 0x20, 0x47, 0x20,
    0xB0, 0x0E, 0x43, 0x63, 0xB8, 0x04, 0x00, 0x62, 0x20, 0xB0, 0x00, 0x50, 0x58, 0xB0, 0x40, 0x60,
    0x59, 0x66, 0xB0, 0x01, 0x63, 0x60, 0xB0, 0x00, 0x43, 0x61, 0x38, 0x2D, 0xB0, 0x37, 0x2C, 0x2E,
    0x17, 0x3C, 0x2D, 0xB0, 0x38, 0x2C, 0x20, 0x3C, 0x20, 0x47, 0x20, 0xB0, 0x0E, 0x43, 0x63, 0xB8,
    0x04, 0x00, 0x62, 0x20, 0xB0, 0x00, 0x50, 0x58, 0xB0, 0x40, 0x60, 0x59, 0x66, 0xB0, 0x01, 0x63,
    0x60, 0xB0, 0x00, 0x43, 0x61, 0xB0, 0x01, 0x43, 0x63, 0x38, 0x2D, 0xB0, 0x39, 0x2C, 0xB1, 0x02,
    0x00, 0x16, 0x25, 0x20, 0x2E, 0x20, 0x47, 0xB0, 0x00, 0x23, 0x42, 0xB0, 0x02, 0x25, 0x49, 0x8A,
    0x8A, 0x47, 0x23, 0x47, 0x23, 0x61, 0x20, 0x58, 0x62, 0x1B, 0x21, 0x59, 0xB0, 0x01, 0x23, 0x42,
    0xB2, 0x38, 0x01, 0x01, 0x15, 0x14, 0x2A, 0x2D, 0xB0, 0x3A, 0x2C, 0xB0, 0x00, 0x16, 0xB0, 0x17,
    0x23, 0x42, 0xB0, 0x04, 0x25, 0xB0, 0x04, 0x25, 0x47, 0x23, 0x47, 0x23, 0x61, 0xB1, 0x0C, 0x00,
    0x42, 0xB0, 0x0B, 0x43, 0x2B, 0x65, 0x8A, 0x2E, 0x23, 0x20, 0x20, 0x3C, 0x8A, 0x38, 0x2D, 0xB0,
    0x3B, 0x2C, 0xB0, 0x00, 0x16, 0xB0, 0x17, 0x23, 0x42, 0xB0, 0x04, 0x25, 0xB0, 0x04, 0x25, 0x20,
    0x2E, 0x47, 0x23, 0x47, 0x23, 0x61, 0x20, 0xB0, 0x06, 0x23, 0x42, 0xB1, 0x0C, 0x00, 0x42, 0xB0,
    0x0B, 0x43, 0x2B, 0x20, 0xB0, 0x60, 0x50, 0x58, 0x20, 0xB0, 0x40, 0x51, 0x58, 0xB3, 0x04, 0x20,
    0x05, 0x20, 0x1B, 0xB3, 0x04, 0x26, 0x05, 0x1A, 0x59, 0x42, 0x42, 0x23, 0x20, 0xB0, 0x0A, 0x43,
    0x20, 0x8A, 0x23, 0x47, 0x23, 0x47, 0x23, 0x61, 0x23, 0x46, 0x60, 0xB0, 0x06, 0x43, 0xB0, 0x02,
    0x62, 0x20, 0xB0, 0x00, 0x50, 0x58, 0xB0, 0x40, 0x60, 0x59, 0x66, 0xB0, 0x01, 0x63, 0x60, 0x20,
    0xB0, 0x01, 0x2B, 0x20, 0x8A, 0x8A, 0x61, 0x20, 0xB0, 0x04, 0x43, 0x60, 0x64, 0x23, 0xB0, 0x05,
    0x43, 0x61, 0x64, 0x50, 0x58, 0xB0, 0x04, 0x43, 0x61, 0x1B, 0xB0, 0x05, 0x43, 0x60, 0x59, 0xB0,
    0x03, 0x25, 0xB0, 0x02, 0x62, 0x20, 0xB0, 0x00, 0x50, 0x58, 0xB0, 0x40, 0x60, 0x59, 0x66, 0xB0,
    0x01, 0x63, 0x61, 0x23, 0x20, 0x20, 0xB0, 0x04, 0x26, 0x23, 0x46, 0x61, 0x38, 0x1B, 0x23, 0xB0,
    0x0A, 0x43, 0x46, 0xB0, 0x02, 0x25, 0xB0, 0x0A, 0x43, 0x47, 0x23, 0x47, 0x23, 0x61, 0x60, 0x20,
    0xB0, 0x06, 0x43, 0xB0, 0x02, 0x62, 0x20, 0xB0, 0x00, 0x50, 0x58, 0xB0, 0x40, 0x60, 0x59, 0x66,
    0xB0, 0x01, 0x63, 0x60, 0x23, 0x20, 0xB0, 0x01, 0x2B, 0x23, 0xB0, 0x06, 0x43, 0x60, 0xB0, 0x01,
    0x2B, 0xB0, 0x05, 0x25, 0x61, 0xB0, 0x05, 0x25, 0xB0, 0x02, 0x62, 0x20, 0xB0, 0x00, 0x50, 0x58,
    0xB0, 0x40, 0x60, 0x59, 0x66, 0xB0, 0x01, 0x63, 0xB0, 0x04, 0x26, 0x61, 0x20, 0xB0, 0x04, 0x25,
    0x60, 0x64, 0x23, 0xB0, 0x03, 0x25, 0x60, 0x64, 0x50, 0x58, 0x21, 0x1B, 0x23, 0x21, 0x59, 0x23,
    0x20, 0x20, 0xB0, 0x04, 0x26, 0x23, 0x46, 0x61, 0x38, 0x59, 0x2D, 0xB0, 0x3C, 0x2C, 0xB0, 0x00,
    0x16, 0xB0, 0x17, 0x23, 0x42, 0x20, 0x20, 0x20, 0xB0, 0x05, 0x26, 0x20, 0x2E, 0x47, 0x23, 0x47,
    0x23, 0x61, 0x23, 0x3C, 0x38, 0x2D, 0xB0, 0x3D, 0x2C, 0xB0, 0x00, 0x16, 0xB0, 0x17, 0x23, 0x42,
    0x20, 0xB0, 0x0A, 0x23, 0x42, 0x20, 0x20, 0x20, 0x46, 0x23, 0x47, 0xB0, 0x01, 0x2B, 0x23, 0x61,
    0x38, 0x2D, 0xB0, 0x3E, 0x2C, 0xB0, 0x00, 0x16, 0xB0, 0x17, 0x23, 0x42, 0xB0, 0x03, 0x25, 0xB0,
    0x02, 0x25, 0x47, 0x23, 0x47, 0x23, 0x61, 0xB0, 0x00, 0x54, 0x58, 0x2E, 0x20, 0x3C, 0x23, 0x21,
    0x1B, 0xB0, 0x02, 0x25, 0xB0, 0x02, 0x25, 0x47, 0x23, 0x47, 0x23, 0x61, 0x20, 0xB0, 0x05, 0x25,
    0xB0, 0x04, 0x25, 0x47, 0x23, 0x47, 0x23, 0x61, 0xB0, 0x06, 0x25, 0xB0, 0x05, 0x25, 0x49, 0xB0,
    0x02, 0x25, 0x61, 0xB9, 0x08, 0x00, 0x08, 0x00, 0x63, 0x63, 0x23, 0x20, 0x58, 0x62, 0x1B, 0x21,
    0x59, 0x63, 0xB8, 0x04, 0x00, 0x62, 0x20, 0xB0, 0x00, 0x50, 0x58, 0xB0, 0x40, 0x60, 0x59, 0x66,
    0xB0, 0x01, 0x63, 0x60, 0x23, 0x2E, 0x23, 0x20, 0x20, 0x3C, 0x8A, 0x38, 0x23, 0x21, 0x59, 0x2D,
    0xB0, 0x3F, 0x2C, 0xB0, 0x00, 0x16, 0xB0, 0x17, 0x23, 0x42, 0x20, 0xB0, 0x0A, 0x43, 0x20, 0x2E,
    0x47, 0x23, 0x47, 0x23, 0x61, 0x20, 0x60, 0xB0, 0x20, 0x60, 0x66, 0xB0, 0x02, 0x62, 0x20, 0xB0,
    0x00, 0x50, 0x58, 0xB0, 0x40, 0x60, 0x59, 0x66, 0xB0, 0x01, 0x63, 0x23, 0x20, 0x20, 0x3C, 0x8A,
    0x38, 0x2D, 0xB0, 0x40, 0x2C, 0x23, 0x20, 0x2E, 0x46, 0xB0, 0x02, 0x25, 0x46, 0xB0, 0x17, 0x43,
    0x58, 0x50, 0x1B, 0x52, 0x59, 0x58, 0x20, 0x3C, 0x59, 0x2E, 0xB1, 0x30, 0x01, 0x14, 0x2B, 0x2D,
    0xB0, 0x41, 0x2C, 0x23, 0x20, 0x2E, 0x46, 0xB0, 0x02, 0x25, 0x46, 0xB0, 0x17, 0x43, 0x58, 0x52,
    0x1B, 0x50, 0x59, 0x58, 0x20, 0x3C, 0x59, 0x2E, 0xB1, 0x30, 0x01, 0x14, 0x2B, 0x2D, 0xB0, 0x42,
    0x2C, 0x23, 0x20, 0x2E, 0x46, 0xB0, 0x02, 0x25, 0x46, 0xB0, 0x17, 0x43, 0x58, 0x50, 0x1B, 0x52,
    0x59, 0x58, 0x20, 0x3C, 0x59, 0x23, 0x20, 0x2E, 0x46, 0xB0, 0x02, 0x25, 0x46, 0xB0, 0x17, 0x43,
    0x58, 0x52, 0x1B, 0x50, 0x59, 0x58, 0x20, 0x3C, 0x59, 0x2E, 0xB1, 0x30, 0x01, 0x14, 0x2B, 0x2D,
    0xB0, 0x43, 0x2C, 0xB0, 0x3A, 0x2B, 0x23, 0x20, 0x2E, 0x46, 0xB0, 0x02, 0x25, 0x46, 0xB0, 0x17,
    0x43, 0x58, 0x50, 0x1B, 0x52, 0x59, 0x58, 0x20, 0x3C, 0x59, 0x2E, 0xB1, 0x30, 0x01, 0x14, 0x2B,
    0x2D, 0xB0, 0x44, 0x2C, 0xB0, 0x3B, 0x2B, 0x8A, 0x20, 0x20, 0x3C, 0xB0, 0x06, 0x23, 0x42, 0x8A,
    0x38, 0x23, 0x20, 0x2E, 0x46, 0xB0, 0x02, 0x25, 0x46, 0xB0, 0x17, 0x43, 0x58, 0x50, 0x1B, 0x52,
    0x59, 0x58, 0x20, 0x3C, 0x59, 0x2E, 0xB1, 0x30, 0x01, 0x14, 0x2B, 0xB0, 0x06, 0x43, 0x2E, 0xB0,
    0x30, 0x2B, 0x2D, 0xB0, 0x45, 0x2C, 0xB0, 0x00, 0x16, 0xB0, 0x04, 0x25, 0xB0, 0x04, 0x26, 0x20,
    0x20, 0x20, 0x46, 0x23, 0x47, 0x61, 0xB0, 0x0C, 0x23, 0x42, 0x2E, 0x47, 0x23, 0x47, 0x23, 0x61,
    0xB0, 0x0B, 0x43, 0x2B, 0x23, 0x20, 0x3C, 0x20, 0x2E, 0x23, 0x38, 0xB1, 0x30, 0x01, 0x14, 0x2B,
    0x2D, 0xB0, 0x46, 0x2C, 0xB1, 0x0A, 0x04, 0x25, 0x42, 0xB0, 0x00, 0x16, 0xB0, 0x04, 0x25, 0xB0,
    0x04, 0x25, 0x20, 0x2E, 0x47, 0x23, 0x47, 0x23, 0x61, 0x20, 0xB0, 0x06, 0x23, 0x42, 0xB1, 0x0C,
    0x00, 0x42, 0xB0, 0x0B, 0x43, 0x2B, 0x20, 0xB0, 0x60, 0x50, 0x58, 0x20, 0xB0, 0x40, 0x51, 0x58,
    0xB3, 0x04, 0x20, 0x05, 0x20, 0x1B, 0xB3, 0x04, 0x26, 0x05, 0x1A, 0x59, 0x42, 0x42, 0x23, 0x20,
    0x47, 0xB0, 0x06, 0x43, 0xB0, 0x02, 0x62, 0x20, 0xB0, 0x00, 0x50, 0x58, 0xB0, 0x40, 0x60, 0x59,
    0x66, 0xB0, 0x01, 0x63, 0x60, 0x20, 0xB0, 0x01, 0x2B, 0x20, 0x8A, 0x8A, 0x61, 0x20, 0xB0, 0x04,
    0x43, 0x60, 0x64, 0x23, 0xB0, 0x05, 0x43, 0x61, 0x64, 0x50, 0x58, 0xB0, 0x04, 0x43, 0x61, 0x1B,
    0xB0, 0x05, 0x43, 0x60, 0x59, 0xB0, 0x03, 0x25, 0xB0, 0x02, 0x62, 0x20, 0xB0, 0x00, 0x50, 0x58,
    0xB0, 0x40, 0x60, 0x59, 0x66, 0xB0, 0x01, 0x63, 0x61, 0xB0, 0x02, 0x25, 0x46, 0x61, 0x38, 0x23,
    0x20, 0x3C, 0x23, 0x38, 0x1B, 0x21, 0x20, 0x20, 0x46, 0x23, 0x47, 0xB0, 0x01, 0x2B, 0x23, 0x61,
    0x38, 0x21, 0x59, 0xB1, 0x30, 0x01, 0x14, 0x2B, 0x2D, 0xB0, 0x47, 0x2C, 0xB1, 0x00, 0x3A, 0x2B,
    0x2E, 0xB1, 0x30, 0x01, 0x14, 0x2B, 0x2D, 0xB0, 0x48, 0x2C, 0xB1, 0x00, 0x3B, 0x2B, 0x21, 0x23,
    0x20, 0x20, 0x3C, 0xB0, 0x06, 0x23, 0x42, 0x23, 0x38, 0xB1, 0x30, 0x01, 0x14, 0x2B, 0xB0, 0x06,
    0x43, 0x2E, 0xB0, 0x30, 0x2B, 0x2D, 0xB0, 0x49, 0x2C, 0xB0, 0x00, 0x15, 0x20, 0x47, 0xB0, 0x00,
    0x23, 0x42, 0xB2, 0x00, 0x01, 0x01, 0x15, 0x14, 0x13, 0x2E, 0xB0, 0x36, 0x2A, 0x2D, 0xB0, 0x4A,
    0x2C, 0xB0, 0x00, 0x15, 0x20, 0x47, 0xB0, 0x00, 0x23, 0x42, 0xB2, 0x00, 0x01, 0x01, 0x15, 0x14,
    0x13, 0x2E, 0xB0, 0x36, 0x2A, 0x2D, 0xB0, 0x4B, 0x2C, 0xB1, 0x00, 0x01, 0x14, 0x13, 0xB0, 0x37,
    0x2A, 0x2D, 0xB0, 0x4C, 0x2C, 0xB0, 0x39, 0x2A, 0x2D, 0xB0, 0x4D, 0x2C, 0xB0, 0x00, 0x16, 0x45,
    0x23, 0x20, 0x2E, 0x20, 0x46, 0x8A, 0x23, 0x61, 0x38, 0xB1, 0x30, 0x01, 0x14, 0x2B, 0x2D, 0xB0,
    0x4E, 0x2C, 0xB0, 0x0A, 0x23, 0x42, 0xB0, 0x4D, 0x2B, 0x2D, 0xB0, 0x4F, 0x2C, 0xB2, 0x00, 0x00,
    0x46, 0x2B, 0x2D, 0xB0, 0x50, 0x2C, 0xB2, 0x00, 0x01, 0x46, 0x2B, 0x2D, 0xB0, 0x51, 0x2C, 0xB2,
    0x01, 0x00, 0x46, 0x2B, 0x2D, 0xB0, 0x52, 0x2C, 0xB2, 0x01, 0x01, 0x46, 0x2B, 0x2D, 0xB0, 0x53,
    0x2C, 0xB2, 0x00, 0x00, 0x47, 0x2B, 0x2D, 0xB0, 0x54, 0x2C, 0xB2, 0x00, 0x01, 0x47, 0x2B, 0x2D,
    0xB0, 0x55, 0x2C, 0xB2, 0x01, 0x00, 0x47, 0x2B, 0x2D, 0xB0, 0x56, 0x2C, 0xB2, 0x01, 0x01, 0x47,
    0x2B, 0x2D, 0xB0, 0x57, 0x2C, 0xB3, 0x00, 0x00, 0x00, 0x43, 0x2B, 0x2D, 0xB0, 0x58, 0x2C, 0xB3,
    0x00, 0x01, 0x00, 0x43, 0x2B, 0x2D, 0xB0, 0x59, 0x2C, 0xB3, 0x01, 0x00, 0x00, 0x43, 0x2B, 0x2D,
    0xB0, 0x5A, 0x2C, 0xB3, 0x01, 0x01, 0x00, 0x43, 0x2B, 0x2D, 0xB0, 0x5B, 0x2C, 0xB3, 0x00, 0x00,
    0x01, 0x43, 0x2B, 0x2D, 0xB0, 0x5C, 0x2C, 0xB3, 0x00, 0x01, 0x01, 0x43, 0x2B, 0x2D, 0xB0, 0x5D,
    0x2C, 0xB3, 0x01, 0x00, 0x01, 0x43, 0x2B, 0x2D, 0xB0, 0x5E, 0x2C, 0xB3, 0x01, 0x01, 0x01, 0x43,
    0x2B, 0x2D, 0xB0, 0x5F, 0x2C, 0xB2, 0x00, 0x00, 0x45, 0x2B, 0x2D, 0xB0, 0x60, 0x2C, 0xB2, 0x00,
    0x01, 0x45, 0x2B, 0x2D, 0xB0, 0x61, 0x2C, 0xB2, 0x01, 0x00, 0x45, 0x2B, 0x2D, 0xB0, 0x62, 0x2C,
    0xB2, 0x01, 0x01, 0x45, 0x2B, 0x2D, 0xB0, 0x63, 0x2C, 0xB2, 0x00, 0x00, 0x48, 0x2B, 0x2D, 0xB0,
    0x64, 0x2C, 0xB2, 0x00, 0x01, 0x48, 0x2B, 0x2D, 0xB0, 0x65, 0x2C, 0xB2, 0x01, 0x00, 0x48, 0x2B,
    0x2D, 0xB0, 0x66, 0x2C, 0xB2, 0x01, 0x01, 0x48, 0x2B, 0x2D, 0xB0, 0x67, 0x2C, 0xB3, 0x00, 0x00,
    0x00, 0x44, 0x2B, 0x2D, 0xB0, 0x68, 0x2C, 0xB3, 0x00, 0x01, 0x00, 0x44, 0x2B, 0x2D, 0xB0, 0x69,
    0x2C, 0xB3, 0x01, 0x00, 0x00, 0x44, 0x2B, 0x2D, 0xB0, 0x6A, 0x2C, 0xB3, 0x01, 0x01, 0x00, 0x44,
    0x2B, 0x2D, 0xB0, 0x6B, 0x2C, 0xB3, 0x00, 0x00, 0x01, 0x44, 0x2B, 0x2D, 0xB0, 0x6C, 0x2C, 0xB3,
    0x00, 0x01, 0x01, 0x44, 0x2B, 0x2D, 0xB0, 0x6D, 0x2C, 0xB3, 0x01, 0x00, 0x01, 0x44, 0x2B, 0x2D,
    0xB0, 0x6E, 0x2C, 0xB3, 0x01, 0x01, 0x01, 0x44, 0x2B, 0x2D, 0xB0, 0x6F, 0x2C, 0xB1, 0x00, 0x3C,
    0x2B, 0x2E, 0xB1, 0x30, 0x01, 0x14, 0x2B, 0x2D, 0xB0, 0x70, 0x2C, 0xB1, 0x00, 0x3C, 0x2B, 0xB0,
    0x40, 0x2B, 0x2D, 0xB0, 0x71, 0x2C, 0xB1, 0x00, 0x3C, 0x2B, 0xB0, 0x41, 0x2B, 0x2D, 0xB0, 0x72,
    0x2C, 0xB0, 0x00, 0x16, 0xB1, 0x00, 0x3C, 0x2B, 0xB0, 0x42, 0x2B, 0x2D, 0xB0, 0x73, 0x2C, 0xB1,
    0x01, 0x3C, 0x2B, 0xB0, 0x40, 0x2B, 0x2D, 0xB0, 0x74, 0x2C, 0xB1, 0x01, 0x3C, 0x2B, 0xB0, 0x41,
    0x2B, 0x2D, 0xB0, 0x75, 0x2C, 0xB0, 0x00, 0x16, 0xB1, 0x01, 0x3C, 0x2B, 0xB0, 0x42, 0x2B, 0x2D,
    0xB0, 0x76, 0x2C, 0xB1, 0x00, 0x3D, 0x2B, 0x2E, 0xB1, 0x30, 0x01, 0x14, 0x2B, 0x2D, 0xB0, 0x77,
    0x2C, 0xB1, 0x00, 0x3D, 0x2B, 0xB0, 0x40, 0x2B, 0x2D, 0xB0, 0x78, 0x2C, 0xB1, 0x00, 0x3D, 0x2B,
    0xB0, 0x41, 0x2B, 0x2D, 0xB0, 0x79, 0x2C, 0xB1, 0x00, 0x3D, 0x2B, 0xB0, 0x42, 0x2B, 0x2D, 0xB0,
    0x7A, 0x2C, 0xB1, 0x01, 0x3D, 0x2B, 0xB0, 0x40, 0x2B, 0x2D, 0xB0, 0x7B, 0x2C, 0xB1, 0x01, 0x3D,
    0x2B, 0xB0, 0x41, 0x2B, 0x2D, 0xB0, 0x7C, 0x2C, 0xB1, 0x01, 0x3D, 0x2B, 0xB0, 0x42, 0x2B, 0x2D,
    0xB0, 0x7D, 0x2C, 0xB1, 0x00, 0x3E, 0x2B, 0x2E, 0xB1, 0x30, 0x01, 0x14, 0x2B, 0x2D, 0xB0, 0x7E,
    0x2C, 0xB1, 0x00, 0x3E, 0x2B, 0xB0, 0x40, 0x2B, 0x2D, 0xB0, 0x7F, 0x2C, 0xB1, 0x00, 0x3E, 0x2B,
    0xB0, 0x41, 0x2B, 0x2D, 0xB0, 0x80, 0x2C, 0xB1, 0x00, 0x3E, 0x2B, 0xB0, 0x42, 0x2B, 0x2D, 0xB0,
    0x81, 0x2C, 0xB1, 0x01, 0x3E, 0x2B, 0xB0, 0x40, 0x2B, 0x2D, 0xB0, 0x82, 0x2C, 0xB1, 0x01, 0x3E,
    0x2B, 0xB0, 0x41, 0x2B, 0x2D, 0xB0, 0x83, 0x2C, 0xB1, 0x01, 0x3E, 0x2B, 0xB0, 0x42, 0x2B, 0x2D,
    0xB0, 0x84, 0x2C, 0xB1, 0x00, 0x3F, 0x2B, 0x2E, 0xB1, 0x30, 0x01, 0x14, 0x2B, 0x2D, 0xB0, 0x85,
    0x2C, 0xB1, 0x00, 0x3F, 0x2B, 0xB0, 0x40, 0x2B, 0x2D, 0xB0, 0x86, 0x2C, 0xB1, 0x00, 0x3F, 0x2B,
    0xB0, 0x41, 0x2B, 0x2D, 0xB0, 0x87, 0x2C, 0xB1, 0x00, 0x3F, 0x2B, 0xB0, 0x42, 0x2B, 0x2D, 0xB0,
    0x88, 0x2C, 0xB1, 0x01, 0x3F, 0x2B, 0xB0, 0x40, 0x2B, 0x2D, 0xB0, 0x89, 0x2C, 0xB1, 0x01, 0x3F,
    0x2B, 0xB0, 0x41, 0x2B, 0x2D, 0xB0, 0x8A, 0x2C, 0xB1, 0x01, 0x3F, 0x2B, 0xB0, 0x42, 0x2B, 0x2D,
    0xB0, 0x8B, 0x2C, 0xB2, 0x0B, 0x00, 0x03, 0x45, 0x50, 0x58, 0xB0, 0x06, 0x1B, 0xB2, 0x04, 0x02,
    0x03, 0x45, 0x58, 0x23, 0x21, 0x1B, 0x21, 0x59, 0x59, 0x42, 0x2B, 0xB0, 0x08, 0x65, 0xB0, 0x03,
    0x24, 0x50, 0x78, 0xB1, 0x05, 0x01, 0x15, 0x45, 0x58, 0x30, 0x59, 0x2D, 0x00, 0x4B, 0xB8, 0x00,
    0xC8, 0x52, 0x58, 0xB1, 0x01, 0x01, 0x8E, 0x59, 0xB0, 0x01, 0xB9, 0x08, 0x00, 0x08, 0x00, 0x63,
    0x70, 0xB1, 0x00, 0x07, 0x42, 0xB6, 0x00, 0x00, 0x41, 0x31, 0x21, 0x05, 0x00, 0x2A, 0xB1, 0x00,
    0x07, 0x42, 0x40, 0x0C, 0x4E, 0x04, 0x46, 0x04, 0x36, 0x08, 0x26, 0x08, 0x18, 0x07, 0x05, 0x0A,
    0x2A, 0xB1, 0x00, 0x07, 0x42, 0x40, 0x0C, 0x52, 0x02, 0x4A, 0x02, 0x3E, 0x06, 0x2E, 0x06, 0x1F,
    0x05, 0x05, 0x0A, 0x2A, 0xB1, 0x00, 0x0C, 0x42, 0xBE, 0x13, 0xC0, 0x11, 0xC0, 0x0D, 0xC0, 0x09,
    0xC0, 0x06, 0x40, 0x00, 0x05, 0x00, 0x0B, 0x2A, 0xB1, 0x00, 0x11, 0x42, 0xBE, 0x00, 0x40, 0x00,
    0x40, 0x00, 0x40, 0x00, 0x40, 0x00, 0x40, 0x00, 0x05, 0x00, 0x0B, 0x2A, 0xB9, 0x00, 0x03, 0x00,
    0x00, 0x44, 0xB1, 0x24, 0x01, 0x88, 0x51, 0x58, 0xB0, 0x40, 0x88, 0x58, 0xB9, 0x00, 0x03, 0x00,
    0x64, 0x44, 0xB1, 0x28, 0x01, 0x88, 0x51, 0x58, 0xB8, 0x08, 0x00, 0x88, 0x58, 0xB9, 0x00, 0x03,
    0x00, 0x00, 0x44, 0x59, 0x1B, 0xB1, 0x27, 0x01, 0x88, 0x51, 0x58, 0xBA, 0x08, 0x80, 0x00, 0x01,
    0x04, 0x40, 0x88, 0x63, 0x54, 0x58, 0xB9, 0x00, 0x03, 0x00, 0x00, 0x44, 0x59, 0x59, 0x59, 0x59,
    0x59, 0x40, 0x0C, 0x50, 0x02, 0x48, 0x02, 0x38, 0x06, 0x28, 0x06, 0x1A, 0x05, 0x05, 0x0E, 0x2A,
    0xB8, 0x01, 0xFF, 0x85, 0xB0, 0x04, 0x8D, 0xB1, 0x02, 0x00, 0x44, 0xB3, 0x05, 0x64, 0x06, 0x00,
    0x44, 0x44, 0x00, 0x00, 0x00, 0x00, 0x00, 0x00, 0x00, 0x00, 0x00, 0x00, 0x00, 0x00, 0x00, 0x00,
    0x00, 0x00, 0x00, 0x00, 0x00, 0x00, 0x00, 0x00, 0x00, 0x00, 0x00, 0x00, 0x00, 0x00, 0x00, 0x00,
    0x00, 0x00, 0x00, 0x00, 0x00, 0x00, 0x00, 0x00, 0x00, 0x00, 0x00, 0x00, 0x00, 0x00, 0x00, 0x00,
    0x00, 0x5A, 0x00, 0x5A, 0x00, 0x50, 0x00, 0x50, 0x02, 0xDA, 0x00, 0x00, 0x02, 0x26, 0x00, 0x00,
    0xFF, 0x4C, 0x02, 0xE4, 0xFF, 0xF6, 0x02, 0x30, 0xFF, 0xF8, 0xFF, 0x4C, 0x00, 0x5A, 0x00, 0x5A,
    0x00, 0x50, 0x00, 0x50, 0x02, 0xDA, 0x00, 0x00, 0x02, 0xDA, 0x02, 0x26, 0x00, 0x00, 0xFF, 0x4C,
    0x02, 0xE4, 0xFF, 0xF6, 0x02, 0xE4, 0x02, 0x2E, 0xFF, 0xF8, 0xFF, 0x4C, 0x00, 0x5A, 0x00, 0x5A,
    0x00, 0x50, 0x00, 0x50, 0x02, 0xDA, 0x00, 0x00, 0x02, 0xDA, 0x02, 0x26, 0x00, 0x00, 0xFF, 0x4C,
    0x02, 0xE4, 0xFF, 0xF6, 0x03, 0x09, 0x02, 0x30, 0xFF, 0xF8, 0xFF, 0x4C, 0x00, 0x47, 0x00, 0x47,
    0x00, 0x40, 0x00, 0x40, 0x01, 0x3B, 0xFF, 0x7B, 0x01, 0x40, 0xFF, 0x76, 0x00, 0x47, 0x00, 0x47,
    0x00, 0x40, 0x00, 0x40, 0x03, 0x3E, 0x01, 0x7E, 0x03, 0x43, 0x01, 0x79, 0x00, 0x00, 0x00, 0x07,
    0x00, 0x5A, 0x00, 0x03, 0x00, 0x01, 0x04, 0x09, 0x00, 0x00, 0x00, 0xBC, 0x00, 0x00, 0x00, 0x03,
    0x00, 0x01, 0x04, 0x09, 0x00, 0x01, 0x00, 0x1C, 0x00, 0xBC, 0x00, 0x03, 0x00, 0x01, 0x04, 0x09,
    0x00, 0x02, 0x00, 0x0E, 0x00, 0xD8, 0x00, 0x03, 0x00, 0x01, 0x04, 0x09, 0x00, 0x03, 0x00, 0x3C,
    0x00, 0xE6, 0x00, 0x03, 0x00, 0x01, 0x04, 0x09, 0x00, 0x04, 0x00, 0x2C, 0x01, 0x22, 0x00, 0x03,
    0x00, 0x01, 0x04, 0x09, 0x00, 0x05, 0x00, 0x54, 0x01, 0x4E, 0x00, 0x03, 0x00, 0x01, 0x04, 0x09,
    0x00, 0x06, 0x00, 0x2A, 0x01, 0xA2, 0x00, 0x43, 0x00, 0x6F, 0x00, 0x70, 0x00, 0x79, 0x00, 0x72,
    0x00, 0x69, 0x00, 0x67, 0x00, 0x68, 0x00, 0x74, 0x00, 0x20, 0x00, 0x32, 0x00, 0x30, 0x00, 0x32,
    0x00, 0x30, 0x00, 0x20, 0x00, 0x54, 0x00, 0x68, 0x00, 0x65, 0x00, 0x20, 0x00, 0x4A, 0x00, 0x65,
    0x00, 0x74, 0x00, 0x42, 0x00, 0x72, 0x00, 0x61, 0x00, 0x69, 0x00, 0x6E, 0x00, 0x73, 0x00, 0x20,
    0x00, 0x4D, 0x00, 0x6F, 0x00, 0x6E, 0x00, 0x6F, 0x00, 0x20, 0x00, 0x50, 0x00, 0x72, 0x00, 0x6F,
    0x00, 0x6A, 0x00, 0x65, 0x00, 0x63, 0x00, 0x74, 0x00, 0x20, 0x00, 0x41, 0x00, 0x75, 0x00, 0x74,
    0x00, 0x68, 0x00, 0x6F, 0x00, 0x72, 0x00, 0x73, 0x00, 0x20, 0x00, 0x28, 0x00, 0x68, 0x00, 0x74,
    0x00, 0x74, 0x00, 0x70, 0x00, 0x73, 0x00, 0x3A, 0x00, 0x2F, 0x00, 0x2F, 0x00, 0x67, 0x00, 0x69,
    0x00, 0x74, 0x00, 0x68, 0x00, 0x75, 0x00, 0x62, 0x00, 0x2E, 0x00, 0x63, 0x00, 0x6F, 0x00, 0x6D,
    0x00, 0x2F, 0x00, 0x4A, 0x00, 0x65, 0x00, 0x74, 0x00, 0x42, 0x00, 0x72, 0x00, 0x61, 0x00, 0x69,
    0x00, 0x6E, 0x00, 0x73, 0x00, 0x2F, 0x00, 0x4A, 0x00, 0x65, 0x00, 0x74, 0x00, 0x42, 0x00, 0x72,
    0x00, 0x61, 0x00, 0x69, 0x00, 0x6E, 0x00, 0x73, 0x00, 0x4D, 0x00, 0x6F, 0x00, 0x6E, 0x00, 0x6F,
    0x00, 0x29, 0x00, 0x4A, 0x00, 0x65, 0x00, 0x74, 0x00, 0x42, 0x00, 0x72, 0x00, 0x61, 0x00, 0x69,
    0x00, 0x6E, 0x00, 0x73, 0x00, 0x20, 0x00, 0x4D, 0x00, 0x6F, 0x00, 0x6E, 0x00, 0x6F, 0x00, 0x52,
    0x00, 0x65, 0x00, 0x67, 0x00, 0x75, 0x00, 0x6C, 0x00, 0x61, 0x00, 0x72, 0x00, 0x32, 0x00, 0x2E,
    0x00, 0x33, 0x00, 0x30, 0x00, 0x34, 0x00, 0x3B, 0x00, 0x4A, 0x00, 0x42, 0x00, 0x3B, 0x00, 0x4A,
    0x00, 0x65, 0x00, 0x74, 0x00, 0x42, 0x00, 0x72, 0x00, 0x61, 0x00, 0x69, 0x00, 0x6E, 0x00, 0x73,
    0x00, 0x4D, 0x00, 0x6F, 0x00, 0x6E, 0x00, 0x6F, 0x00, 0x2D, 0x00, 0x52, 0x00, 0x65, 0x00, 0x67,
    0x00, 0x75, 0x00, 0x6C, 0x00, 0x61, 0x00, 0x72, 0x00, 0x4A, 0x00, 0x65, 0x00, 0x74, 0x00, 0x42,
    0x00, 0x72, 0x00, 0x61, 0x00, 0x69, 0x00, 0x6E, 0x00, 0x73, 0x00, 0x20, 0x00, 0x4D, 0x00, 0x6F,
    0x00, 0x6E, 0x00, 0x6F, 0x00, 0x20, 0x00, 0x52, 0x00, 0x65, 0x00, 0x67, 0x00, 0x75, 0x00, 0x6C,
    0x00, 0x61, 0x00, 0x72, 0x00, 0x56, 0x00, 0x65, 0x00, 0x72, 0x00, 0x73, 0x00, 0x69, 0x00, 0x6F,
    0x00, 0x6E, 0x00, 0x20, 0x00, 0x32, 0x00, 0x2E, 0x00, 0x33, 0x00, 0x30, 0x00, 0x34, 0x00, 0x3B,
    0x00, 0x20, 0x00, 0x74, 0x00, 0x74, 0x00, 0x66, 0x00, 0x61, 0x00, 0x75, 0x00, 0x74, 0x00, 0x6F,
    0x00, 0x68, 0x00, 0x69, 0x00, 0x6E, 0x00, 0x74, 0x00, 0x20, 0x00, 0x28, 0x00, 0x76, 0x00, 0x31,
    0x00, 0x2E, 0x00, 0x38, 0x00, 0x2E, 0x00, 0x34, 0x00, 0x2E, 0x00, 0x37, 0x00, 0x2D, 0x00, 0x35,
    0x00, 0x64, 0x00, 0x35, 0x00, 0x62, 0x00, 0x29, 0x00, 0x4A, 0x00, 0x65, 0x00, 0x74, 0x00, 0x42,
    0x00, 0x72, 0x00, 0x61, 0x00, 0x69, 0x00, 0x6E, 0x00, 0x73, 0x00, 0x4D, 0x00, 0x6F, 0x00, 0x6E,
    0x00, 0x6F, 0x00, 0x2D, 0x00, 0x52, 0x00, 0x65, 0x00, 0x67, 0x00, 0x75, 0x00, 0x6C, 0x00, 0x61,
    0x00, 0x72, 0x00, 0x00, 0x00, 0x03, 0x00, 0x00, 0x00, 0x00, 0x00, 0x00, 0xFF, 0x65, 0x00, 0x32,
    0x00, 0x00, 0x00, 0x01, 0x00, 0x00, 0x00, 0x00, 0x00, 0x00, 0x00, 0x00, 0x00, 0x00, 0x00, 0x00,
    0x00, 0x00, 0x00, 0x00, 0x00, 0x01, 0x00, 0x01, 0xFF, 0xFF, 0x00, 0x0F, 0x00, 0x01, 0x00, 0x00,
    0x00, 0x0C, 0x00, 0x00, 0x00, 0x00, 0x00, 0x00, 0x00, 0x02, 0x00, 0x01, 0x00, 0x01, 0x00, 0x14,
    0x00, 0x01, 0x00, 0x00, 0x00, 0x01, 0x00, 0x00, 0x00, 0x0A, 0x00, 0x1C, 0x00, 0x1E, 0x00, 0x01,
    0x44, 0x46, 0x4C, 0x54, 0x00, 0x08, 0x00, 0x04, 0x00, 0x00, 0x00, 0x00, 0xFF, 0xFF, 0x00, 0x00,
    0x00, 0x00, 0x00, 0x00, 0x00, 0x01, 0x00, 0x00, 0x00, 0x0A, 0x00, 0x26, 0x00, 0x84, 0x00, 0x02,
    0x44, 0x46, 0x4C, 0x54, 0x00, 0x0E, 0x6C, 0x61, 0x74, 0x6E, 0x00, 0x0E, 0x00, 0x04, 0x00, 0x00,
    0x00, 0x00, 0xFF, 0xFF, 0x00, 0x02, 0x00, 0x00, 0x00, 0x01, 0x00, 0x02, 0x63, 0x61, 0x6C, 0x74,
    0x00, 0x0E, 0x66, 0x72, 0x61, 0x63, 0x00, 0x54, 0x00, 0x00, 0x00, 0x21, 0x00, 0x00, 0x00, 0x02,
    0x00, 0x05, 0x00, 0x08, 0x00, 0x0A, 0x00, 0x0C, 0x00, 0x0F, 0x00, 0x13, 0x00, 0x15, 0x00, 0x18,
    0x00, 0x1C, 0x00, 0x1F, 0x00, 0x23, 0x00, 0x26, 0x00, 0x28, 0x00, 0x2A, 0x00, 0x2D, 0x00, 0x2F,
    0x00, 0x31, 0x00, 0x34, 0x00, 0x38, 0x00, 0x3A, 0x00, 0x3C, 0x00, 0x3F, 0x00, 0x42, 0x00, 0x46,
    0x00, 0x48, 0x00, 0x4A, 0x00, 0x4C, 0x00, 0x4E, 0x00, 0x50, 0x00, 0x52, 0x00, 0x54, 0x00, 0x00,
    0x00, 0x03, 0x00, 0x56, 0x00, 0x57, 0x00, 0x58, 0x00, 0x5B, 0x00, 0xB8, 0x00, 0xE4, 0x00, 0xF2,
    0x01, 0x2C, 0x08, 0x8E, 0x01, 0x3A, 0x01, 0x74, 0x08, 0x8E, 0x01, 0x82, 0x01, 0xA4, 0x01, 0xB2,
    0x01, 0xDE, 0x01, 0xEC, 0x02, 0x3A, 0x02, 0xBE, 0x02, 0x48, 0x02, 0xB0, 0x02, 0xBE, 0x02, 0xBE,
    0x02, 0xCC, 0x02, 0xEE, 0x02, 0xFC, 0x03, 0x4A, 0x03, 0xCE, 0x03, 0x58, 0x03, 0xC0, 0x03, 0xCE,
    0x03, 0xCE, 0x03, 0xDC, 0x04, 0x2A, 0x04, 0xAE, 0x04, 0x38, 0x04, 0xA0, 0x04, 0xAE, 0x04, 0xAE,
    0x04, 0xBC, 0x04, 0xF6, 0x08, 0x8E, 0x05, 0x04, 0x05, 0x28, 0x05, 0x36, 0x05, 0x80, 0x05, 0x8E,
    0x05, 0xC8, 0x08, 0x8E, 0x05, 0xD6, 0x05, 0xF8, 0x06, 0x06, 0x06, 0x28, 0x06, 0x36, 0x06, 0x84,
    0x07, 0x08, 0x06, 0x92, 0x06, 0xFA, 0x07, 0x08, 0x07, 0x08, 0x07, 0x16, 0x07, 0x3A, 0x07, 0x48,
    0x07, 0x6A, 0x07, 0x78, 0x07, 0xC6, 0x08, 0x8E, 0x07, 0xD4, 0x08, 0x0A, 0x08, 0x8E, 0x08, 0x18,
    0x08, 0x80, 0x08, 0x8E, 0x08, 0x8E, 0x08, 0x9C, 0x08, 0xBE, 0x08, 0xCC, 0x08, 0xEE, 0x09, 0x02,
    0x09, 0x26, 0x09, 0x34, 0x09, 0x56, 0x09, 0x64, 0x09, 0x86, 0x09, 0x9A, 0x09, 0xBC, 0x09, 0xD0,
    0x09, 0xF2, 0x0A, 0x00, 0x0A, 0x22, 0x0A, 0x36, 0x0A, 0x4A, 0x0A, 0x62, 0x0A, 0xA0, 0x0A, 0xA0,
    0x00, 0x06, 0x00, 0x00, 0x00, 0x01, 0x00, 0x08, 0x00, 0x03, 0x00, 0x01, 0x00, 0x14, 0x00, 0x01,
    0x09, 0x70, 0x00, 0x01, 0x00, 0x14, 0x00, 0x01, 0x00, 0x00, 0x00, 0x01, 0x00, 0x02, 0x00, 0x02,
    0x00, 0x01, 0x00, 0x0E, 0x00, 0x00, 0x00, 0x15, 0x00, 0x1E, 0x00, 0x0E, 0x00, 0x01, 0x00, 0x00,
    0x00, 0x01, 0x00, 0x08, 0x00, 0x01, 0x09, 0x44, 0x00, 0x04, 0x00, 0x06, 0x00, 0x00, 0x00, 0x01,
    0x00, 0x08, 0x00, 0x01, 0x08, 0x9A, 0x00, 0x01, 0x00, 0x08, 0x00, 0x02, 0x00, 0x06, 0x00, 0x18,
    0x00, 0x03, 0x00, 0x6A, 0x00, 0x6A, 0x00, 0x6A, 0x00, 0x01, 0x00, 0x00, 0x00, 0x01, 0x00, 0x00,
    0x00, 0x03, 0x00, 0x02, 0x00, 0x6A, 0x00, 0x6A, 0x00, 0x01, 0x00, 0x01, 0x00, 0x44, 0x00, 0x01,
    0x00, 0x00, 0x00, 0x04, 0x00, 0x01, 0x00, 0x00, 0x00, 0x01, 0x00, 0x08, 0x00, 0x01, 0x08, 0x60,
    0x00, 0x03, 0x00, 0x06, 0x00, 0x00, 0x00, 0x01, 0x00, 0x08, 0x00, 0x01, 0x08, 0x52, 0x00, 0x01,
    0x00, 0x08, 0x00, 0x02, 0x00, 0x06, 0x00, 0x18, 0x00, 0x03, 0x00, 0x6A, 0x00, 0x6A, 0x00, 0x6A,
    0x00, 0x01, 0x00, 0x00, 0x00, 0x01, 0x00, 0x00, 0x00, 0x06, 0x00, 0x02, 0x00, 0x6A, 0x00, 0x6A,
    0x00, 0x01, 0x00, 0x01, 0x00, 0x44, 0x00, 0x01, 0x00, 0x00, 0x00, 0x07, 0x00, 0x01, 0x00, 0x00,
    0x00, 0x01, 0x00, 0x08, 0x00, 0x01, 0x08, 0x18, 0x00, 0x04, 0x00, 0x06, 0x00, 0x00, 0x00, 0x01,
    0x00, 0x08, 0x00, 0x01, 0x08, 0xA6, 0x00, 0x01, 0x00, 0x08, 0x00, 0x01, 0x00, 0x04, 0x00, 0x01,
    0x00, 0x6A, 0x00, 0x01, 0x00, 0x00, 0x00, 0x01, 0x00, 0x00, 0x00, 0x09, 0x00, 0x01, 0x00, 0x00,
    0x00, 0x01, 0x00, 0x08, 0x00, 0x01, 0x08, 0x84, 0x00, 0x1E, 0x00, 0x06, 0x00, 0x00, 0x00, 0x01,
    0x00, 0x08, 0x00, 0x03, 0x00, 0x02, 0x00, 0x16, 0x00, 0x1C, 0x00, 0x01, 0x08, 0x8A, 0x00, 0x01,
    0x00, 0x1C, 0x00, 0x01, 0x00, 0x00, 0x00, 0x0B, 0x00, 0x01, 0x00, 0x01, 0x00, 0x6A, 0x00, 0x01,
    0x00, 0x02, 0x00, 0x3E, 0x00, 0x54, 0x00, 0x01, 0x00, 0x00, 0x00, 0x01, 0x00, 0x08, 0x00, 0x01,
    0x08, 0x5E, 0x00, 0x11, 0x00, 0x06, 0x00, 0x00, 0x00, 0x01, 0x00, 0x08, 0x00, 0x01, 0x08, 0x50,
    0x00, 0x01, 0x00, 0x08, 0x00, 0x04, 0x00, 0x0A, 0x00, 0x16, 0x00, 0x22, 0x00, 0x30, 0x00, 0x01,
    0x00, 0x42, 0x00, 0x01, 0x00, 0x01, 0x00, 0x42, 0x00, 0x00, 0x00, 0x00, 0x00, 0x01, 0x00, 0x02,
    0x00, 0x42, 0x00, 0x42, 0x00, 0x00, 0x00, 0x01, 0x00, 0x6A, 0x00, 0x01, 0x00, 0x00, 0x00, 0x01,
    0x00, 0x00, 0x00, 0x0D, 0x00, 0x00, 0x00, 0x01, 0x00, 0x01, 0x00, 0x42, 0x00, 0x01, 0x00, 0x00,
    0x00, 0x0E, 0x00, 0x01, 0x00, 0x00, 0x00, 0x01, 0x00, 0x08, 0x00, 0x01, 0x08, 0x02, 0x00, 0x0F,
    0x00, 0x06, 0x00, 0x00, 0x00, 0x01, 0x00, 0x08, 0x00, 0x01, 0x07, 0xF4, 0x00, 0x01, 0x00, 0x08,
    0x00, 0x05, 0x00, 0x0C, 0x00, 0x1A, 0x00, 0x28, 0x00, 0x38, 0x00, 0x48, 0x00, 0x01, 0x00, 0x42,
    0x00, 0x01, 0x00, 0x02, 0x00, 0x42, 0x00, 0x42, 0x00, 0x00, 0x00, 0x00, 0x00, 0x01, 0x00, 0x03,
    0x00, 0x42, 0x00, 0x42, 0x00, 0x42, 0x00, 0x00, 0x00, 0x02, 0x00, 0x6A, 0x00, 0x6A, 0x00, 0x01,
    0x00, 0x00, 0x00, 0x01, 0x00, 0x00, 0x00, 0x10, 0x00, 0x01, 0x00, 0x6A, 0x00, 0x01, 0x00, 0x01,
    0x00, 0x42, 0x00, 0x01, 0x00, 0x00, 0x00, 0x11, 0x00, 0x00, 0x00, 0x01, 0x00, 0x02, 0x00, 0x42,
    0x00, 0x42, 0x00, 0x01, 0x00, 0x00, 0x00, 0x12, 0x00, 0x01, 0x00, 0x00, 0x00, 0x01, 0x00, 0x08,
    0x00, 0x01, 0x07, 0x8C, 0x00, 0x10, 0x00, 0x01, 0x00, 0x00, 0x00, 0x01, 0x00, 0x08, 0x00, 0x01,
    0x07, 0x7E, 0x00, 0x28, 0x00, 0x06, 0x00, 0x00, 0x00, 0x01, 0x00, 0x08, 0x00, 0x01, 0x07, 0x70,
    0x00, 0x01, 0x00, 0x08, 0x00, 0x01, 0x00, 0x04, 0x00, 0x01, 0x00, 0x6A, 0x00, 0x01, 0x00, 0x00,
    0x00, 0x01, 0x00, 0x00, 0x00, 0x14, 0x00, 0x01, 0x00, 0x00, 0x00, 0x01, 0x00, 0x08, 0x00, 0x01,
    0x07, 0x4E, 0x00, 0x0D, 0x00, 0x06, 0x00, 0x00, 0x00, 0x01, 0x00, 0x08, 0x00, 0x01, 0x06, 0xC6,
    0x00, 0x01, 0x00, 0x08, 0x00, 0x04, 0x00, 0x0A, 0x00, 0x16, 0x00, 0x22, 0x00, 0x30, 0x00, 0x01,
    0x00, 0x55, 0x00, 0x01, 0x00, 0x01, 0x00, 0x55, 0x00, 0x00, 0x00, 0x00, 0x00, 0x01, 0x00, 0x02,
    0x00, 0x55, 0x00, 0x55, 0x00, 0x00, 0x00, 0x01, 0x00, 0x6A, 0x00, 0x01, 0x00, 0x00, 0x00, 0x01,
    0x00, 0x00, 0x00, 0x16, 0x00, 0x00, 0x00, 0x01, 0x00, 0x01, 0x00, 0x55, 0x00, 0x01, 0x00, 0x00,
    0x00, 0x17, 0x00, 0x01, 0x00, 0x00, 0x00, 0x01, 0x00, 0x08, 0x00, 0x01, 0x06, 0x78, 0x00, 0x06,
    0x00, 0x06, 0x00, 0x00, 0x00, 0x01, 0x00, 0x08, 0x00, 0x01, 0x06, 0x6A, 0x00, 0x01, 0x00, 0x08,
    0x00, 0x05, 0x00, 0x0C, 0x00, 0x1A, 0x00, 0x28, 0x00, 0x38, 0x00, 0x48, 0x00, 0x01, 0x00, 0x55,
    0x00, 0x01, 0x00, 0x02, 0x00, 0x55, 0x00, 0x55, 0x00, 0x00, 0x00, 0x00, 0x00, 0x01, 0x00, 0x03,
    0x00, 0x55, 0x00, 0x55, 0x00, 0x55, 0x00, 0x00, 0x00, 0x02, 0x00, 0x6A, 0x00, 0x6A, 0x00, 0x01,
    0x00, 0x00, 0x00, 0x01, 0x00, 0x00, 0x00, 0x19, 0x00, 0x01, 0x00, 0x6A, 0x00, 0x01, 0x00, 0x01,
    0x00, 0x55, 0x00, 0x01, 0x00, 0x00, 0x00, 0x1A, 0x00, 0x00, 0x00, 0x01, 0x00, 0x02, 0x00, 0x55,
    0x00, 0x55, 0x00, 0x01, 0x00, 0x00, 0x00, 0x1B, 0x00, 0x01, 0x00, 0x00, 0x00, 0x01, 0x00, 0x08,
    0x00, 0x01, 0x06, 0x02, 0x00, 0x07, 0x00, 0x01, 0x00, 0x00, 0x00, 0x01, 0x00, 0x08, 0x00, 0x01,
    0x05, 0xF4, 0x00, 0x15, 0x00, 0x06, 0x00, 0x00, 0x00, 0x01, 0x00, 0x08, 0x00, 0x01, 0x05, 0x18,
    0x00, 0x01, 0x00, 0x08, 0x00, 0x04, 0x00, 0x0A, 0x00, 0x16, 0x00, 0x22, 0x00, 0x30, 0x00, 0x01,
    0x00, 0x3E, 0x00, 0x01, 0x00, 0x01, 0x00, 0x3E, 0x00, 0x00, 0x00, 0x00, 0x00, 0x01, 0x00, 0x02,
    0x00, 0x3E, 0x00, 0x3E, 0x00, 0x00, 0x00, 0x01, 0x00, 0x6A, 0x00, 0x01, 0x00, 0x00, 0x00, 0x01,
    0x00, 0x00, 0x00, 0x1D, 0x00, 0x00, 0x00, 0x01, 0x00, 0x01, 0x00, 0x3E, 0x00, 0x01, 0x00, 0x00,
    0x00, 0x1E, 0x00, 0x01, 0x00, 0x00, 0x00, 0x01, 0x00, 0x08, 0x00, 0x01, 0x04, 0xCA, 0x00, 0x0B,
    0x00, 0x06, 0x00, 0x00, 0x00, 0x01, 0x00, 0x08, 0x00, 0x01, 0x04, 0xBC, 0x00, 0x01, 0x00, 0x08,
    0x00, 0x05, 0x00, 0x0C, 0x00, 0x1A, 0x00, 0x28, 0x00, 0x38, 0x00, 0x48, 0x00, 0x01, 0x00, 0x3E,
    0x00, 0x01, 0x00, 0x02, 0x00, 0x3E, 0x00, 0x3E, 0x00, 0x00, 0x00, 0x00, 0x00, 0x01, 0x00, 0x03,
    0x00, 0x3E, 0x00, 0x3E, 0x00, 0x3E, 0x00, 0x00, 0x00, 0x02, 0x00, 0x6A, 0x00, 0x6A, 0x00, 0x01,
    0x00, 0x00, 0x00, 0x01, 0x00, 0x00, 0x00, 0x20, 0x00, 0x01, 0x00, 0x6A, 0x00, 0x01, 0x00, 0x01,
    0x00, 0x3E, 0x00, 0x01, 0x00, 0x00, 0x00, 0x21, 0x00, 0x00, 0x00, 0x01, 0x00, 0x02, 0x00, 0x3E,
    0x00, 0x3E, 0x00, 0x01, 0x00, 0x00, 0x00, 0x22, 0x00, 0x01, 0x00, 0x00, 0x00, 0x01, 0x00, 0x08,
    0x00, 0x01, 0x04, 0x54, 0x00, 0x0C, 0x00, 0x01, 0x00, 0x00, 0x00, 0x01, 0x00, 0x08, 0x00, 0x01,
    0x04, 0x46, 0x00, 0x2C, 0x00, 0x06, 0x00, 0x00, 0x00, 0x01, 0x00, 0x08, 0x00, 0x01, 0x04, 0xD0,
    0x00, 0x01, 0x00, 0x08, 0x00, 0x02, 0x00, 0x06, 0x00, 0x18, 0x00, 0x03, 0x00, 0x6A, 0x00, 0x6A,
    0x00, 0x6A, 0x00, 0x01, 0x00, 0x00, 0x00, 0x01, 0x00, 0x00, 0x00, 0x24, 0x00, 0x02, 0x00, 0x6A,
    0x00, 0x6A, 0x00, 0x01, 0x00, 0x01, 0x00, 0x44, 0x00, 0x01, 0x00, 0x00, 0x00, 0x25, 0x00, 0x01,
    0x00, 0x00, 0x00, 0x01, 0x00, 0x08, 0x00, 0x01, 0x04, 0x96, 0x00, 0x20, 0x00, 0x06, 0x00, 0x00,
    0x00, 0x01, 0x00, 0x08, 0x00, 0x01, 0x04, 0x88, 0x00, 0x01, 0x00, 0x08, 0x00, 0x01, 0x00, 0x04,
    0x00, 0x02, 0x00, 0x6A, 0x00, 0x6A, 0x00, 0x01, 0x00, 0x00, 0x00, 0x01, 0x00, 0x00, 0x00, 0x27,
    0x00, 0x01, 0x00, 0x00, 0x00, 0x01, 0x00, 0x08, 0x00, 0x01, 0x04, 0x64, 0x00, 0x23, 0x00, 0x06,
    0x00, 0x00, 0x00, 0x01, 0x00, 0x08, 0x00, 0x02, 0x04, 0x56, 0x00, 0x10, 0x00, 0x18, 0x00, 0x20,
    0x00, 0x02, 0x00, 0x00, 0x00, 0x30, 0x00, 0x01, 0x00, 0x6A, 0x00, 0x01, 0x00, 0x01, 0x00, 0x01,
    0x00, 0x44, 0x00, 0x01, 0x00, 0x01, 0x00, 0x02, 0x00, 0x02, 0x00, 0x15, 0x00, 0x1E, 0x00, 0x01,
    0x00, 0x44, 0x00, 0x44, 0x00, 0x02, 0x00, 0x01, 0x00, 0x04, 0x00, 0x01, 0x00, 0x01, 0x00, 0x01,
    0x00, 0x00, 0x00, 0x01, 0x00, 0x00, 0x00, 0x29, 0x00, 0x01, 0x00, 0x00, 0x00, 0x01, 0x00, 0x08,
    0x00, 0x01, 0x04, 0x0C, 0x00, 0x1D, 0x00, 0x06, 0x00, 0x00, 0x00, 0x01, 0x00, 0x08, 0x00, 0x01,
    0x03, 0xFE, 0x00, 0x01, 0x00, 0x08, 0x00, 0x02, 0x00, 0x06, 0x00, 0x18, 0x00, 0x03, 0x00, 0x6A,
    0x00, 0x6A, 0x00, 0x6A, 0x00, 0x01, 0x00, 0x00, 0x00, 0x01, 0x00, 0x00, 0x00, 0x2B, 0x00, 0x02,
    0x00, 0x6A, 0x00, 0x6A, 0x00, 0x01, 0x00, 0x01, 0x00, 0x44, 0x00, 0x01, 0x00, 0x00, 0x00, 0x2C,
    0x00, 0x01, 0x00, 0x00, 0x00, 0x01, 0x00, 0x08, 0x00, 0x01, 0x03, 0xC4, 0x00, 0x21, 0x00, 0x06,
    0x00, 0x00, 0x00, 0x01, 0x00, 0x08, 0x00, 0x01, 0x04, 0x52, 0x00, 0x01, 0x00, 0x08, 0x00, 0x01,
    0x00, 0x04, 0x00, 0x01, 0x00, 0x6A, 0x00, 0x01, 0x00, 0x00, 0x00, 0x01, 0x00, 0x00, 0x00, 0x2E,
    0x00, 0x01, 0x00, 0x00, 0x00, 0x01, 0x00, 0x08, 0x00, 0x01, 0x04, 0x30, 0x00, 0x24, 0x00, 0x06,
    0x00, 0x00, 0x00, 0x01, 0x00, 0x08, 0x00, 0x01, 0x04, 0x22, 0x00, 0x01, 0x00, 0x08, 0x00, 0x01,
    0x00, 0x04, 0x00, 0x01, 0x00, 0x6A, 0x00, 0x01, 0x00, 0x00, 0x00, 0x01, 0x00, 0x00, 0x00, 0x30,
    0x00, 0x01, 0x00, 0x00, 0x00, 0x01, 0x00, 0x08, 0x00, 0x01, 0x04, 0x00, 0x00, 0x20, 0x00, 0x06,
    0x00, 0x00, 0x00, 0x01, 0x00, 0x08, 0x00, 0x01, 0x03, 0xF2, 0x00, 0x01, 0x00, 0x08, 0x00, 0x04,
    0x00, 0x0A, 0x00, 0x16, 0x00, 0x22, 0x00, 0x30, 0x00, 0x01, 0x00, 0x3F, 0x00, 0x01, 0x00, 0x01,
    0x00, 0x3F, 0x00, 0x00, 0x00, 0x00, 0x00, 0x01, 0x00, 0x02, 0x00, 0x3F, 0x00, 0x3F, 0x00, 0x00,
    0x00, 0x01, 0x00, 0x6A, 0x00, 0x01, 0x00, 0x00, 0x00, 0x01, 0x00, 0x00, 0x00, 0x32, 0x00, 0x00,
    0x00, 0x01, 0x00, 0x01, 0x00, 0x3F, 0x00, 0x01, 0x00, 0x00, 0x00, 0x33, 0x00, 0x01, 0x00, 0x00,
    0x00, 0x01, 0x00, 0x08, 0x00, 0x01, 0x03, 0xA4, 0x00, 0x0C, 0x00, 0x06, 0x00, 0x00, 0x00, 0x01,
    0x00, 0x08, 0x00, 0x01, 0x03, 0x96, 0x00, 0x01, 0x00, 0x08, 0x00, 0x05, 0x00, 0x0C, 0x00, 0x1A,
    0x00, 0x28, 0x00, 0x38, 0x00, 0x48, 0x00, 0x01, 0x00, 0x3F, 0x00, 0x01, 0x00, 0x02, 0x00, 0x3F,
    0x00, 0x3F, 0x00, 0x00, 0x00, 0x00, 0x00, 0x01, 0x00, 0x03, 0x00, 0x3F, 0x00, 0x3F, 0x00, 0x3F,
    0x00, 0x00, 0x00, 0x02, 0x00, 0x6A, 0x00, 0x6A, 0x00, 0x01, 0x00, 0x00, 0x00, 0x01, 0x00, 0x00,
    0x00, 0x35, 0x00, 0x01, 0x00, 0x6A, 0x00, 0x01, 0x00, 0x01, 0x00, 0x3F, 0x00, 0x01, 0x00, 0x00,
    0x00, 0x36, 0x00, 0x00, 0x00, 0x01, 0x00, 0x02, 0x00, 0x3F, 0x00, 0x3F, 0x00, 0x01, 0x00, 0x00,
    0x00, 0x37, 0x00, 0x01, 0x00, 0x00, 0x00, 0x01, 0x00, 0x08, 0x00, 0x01, 0x03, 0x2E, 0x00, 0x0D,
    0x00, 0x01, 0x00, 0x00, 0x00, 0x01, 0x00, 0x08, 0x00, 0x01, 0x03, 0x20, 0x00, 0x2B, 0x00, 0x06,
    0x00, 0x00, 0x00, 0x01, 0x00, 0x08, 0x00, 0x01, 0x02, 0x76, 0x00, 0x01, 0x00, 0x08, 0x00, 0x01,
    0x00, 0x04, 0x00, 0x02, 0x00, 0x6A, 0x00, 0x6A, 0x00, 0x01, 0x00, 0x00, 0x00, 0x01, 0x00, 0x00,
    0x00, 0x39, 0x00, 0x01, 0x00, 0x00, 0x00, 0x01, 0x00, 0x08, 0x00, 0x01, 0x02, 0x52, 0x00, 0x16,
    0x00, 0x06, 0x00, 0x00, 0x00, 0x01, 0x00, 0x08, 0x00, 0x01, 0x02, 0x44, 0x00, 0x01, 0x00, 0x08,
    0x00, 0x01, 0x00, 0x04, 0x00, 0x01, 0x00, 0x6A, 0x00, 0x01, 0x00, 0x00, 0x00, 0x01, 0x00, 0x00,
    0x00, 0x3B, 0x00, 0x01, 0x00, 0x00, 0x00, 0x01, 0x00, 0x08, 0x00, 0x01, 0x02, 0x22, 0x00, 0x15,
    0x00, 0x06, 0x00, 0x00, 0x00, 0x01, 0x00, 0x08, 0x00, 0x01, 0x02, 0x14, 0x00, 0x01, 0x00, 0x08,
    0x00, 0x04, 0x00, 0x0A, 0x00, 0x16, 0x00, 0x22, 0x00, 0x30, 0x00, 0x01, 0x00, 0x44, 0x00, 0x01,
    0x00, 0x01, 0x00, 0x44, 0x00, 0x00, 0x00, 0x00, 0x00, 0x01, 0x00, 0x02, 0x00, 0x44, 0x00, 0x44,
    0x00, 0x00, 0x00, 0x01, 0x00, 0x6A, 0x00, 0x01, 0x00, 0x00, 0x00, 0x01, 0x00, 0x00, 0x00, 0x3D,
    0x00, 0x00, 0x00, 0x01, 0x00, 0x01, 0x00, 0x44, 0x00, 0x01, 0x00, 0x00, 0x00, 0x3E, 0x00, 0x01,
    0x00, 0x00, 0x00, 0x01, 0x00, 0x08, 0x00, 0x01, 0x01, 0xC6, 0x00, 0x01, 0x00, 0x06, 0x00, 0x00,
    0x00, 0x01, 0x00, 0x08, 0x00, 0x01, 0x01, 0xB8, 0x00, 0x01, 0x00, 0x08, 0x00, 0x02, 0x00, 0x06,
    0x00, 0x16, 0x00, 0x02, 0x00, 0x6A, 0x00, 0x6A, 0x00, 0x01, 0x00, 0x00, 0x00, 0x01, 0x00, 0x00,
    0x00, 0x40, 0x00, 0x01, 0x00, 0x6A, 0x00, 0x01, 0x00, 0x01, 0x00, 0x44, 0x00, 0x01, 0x00, 0x00,
    0x00, 0x41, 0x00, 0x01, 0x00, 0x00, 0x00, 0x01, 0x00, 0x08, 0x00, 0x01, 0x01, 0x82, 0x00, 0x1E,
    0x00, 0x06, 0x00, 0x00, 0x00, 0x01, 0x00, 0x08, 0x00, 0x01, 0x01, 0x74, 0x00, 0x01, 0x00, 0x08,
    0x00, 0x05, 0x00, 0x0C, 0x00, 0x1A, 0x00, 0x28, 0x00, 0x38, 0x00, 0x48, 0x00, 0x01, 0x00, 0x44,
    0x00, 0x01, 0x00, 0x02, 0x00, 0x44, 0x00, 0x44, 0x00, 0x00, 0x00, 0x00, 0x00, 0x01, 0x00, 0x03,
    0x00, 0x44, 0x00, 0x44, 0x00, 0x44, 0x00, 0x00, 0x00, 0x02, 0x00, 0x6A, 0x00, 0x6A, 0x00, 0x01,
    0x00, 0x00, 0x00, 0x01, 0x00, 0x00, 0x00, 0x43, 0x00, 0x01, 0x00, 0x6A, 0x00, 0x01, 0x00, 0x01,
    0x00, 0x44, 0x00, 0x01, 0x00, 0x00, 0x00, 0x44, 0x00, 0x00, 0x00, 0x01, 0x00, 0x02, 0x00, 0x44,
    0x00, 0x44, 0x00, 0x01, 0x00, 0x00, 0x00, 0x45, 0x00, 0x01, 0x00, 0x00, 0x00, 0x01, 0x00, 0x08,
    0x00, 0x01, 0x01, 0x0C, 0x00, 0x02, 0x00, 0x01, 0x00, 0x00, 0x00, 0x01, 0x00, 0x08, 0x00, 0x01,
    0x00, 0xFE, 0x00, 0x26, 0x00, 0x06, 0x00, 0x00, 0x00, 0x01, 0x00, 0x08, 0x00, 0x01, 0x01, 0x8C,
    0x00, 0x01, 0x00, 0x08, 0x00, 0x01, 0x00, 0x04, 0x00, 0x01, 0x00, 0x6A, 0x00, 0x01, 0x00, 0x00,
    0x00, 0x01, 0x00, 0x00, 0x00, 0x47, 0x00, 0x01, 0x00, 0x00, 0x00, 0x01, 0x00, 0x08, 0x00, 0x01,
    0x01, 0x6A, 0x00, 0x0F, 0x00, 0x06, 0x00, 0x00, 0x00, 0x01, 0x00, 0x08, 0x00, 0x01, 0x00, 0x28,
    0x00, 0x01, 0x00, 0x08, 0x00, 0x01, 0x00, 0x04, 0x00, 0x01, 0x00, 0x6A, 0x00, 0x01, 0x00, 0x00,
    0x00, 0x01, 0x00, 0x00, 0x00, 0x49, 0x00, 0x01, 0x00, 0x00, 0x00, 0x01, 0x00, 0x08, 0x00, 0x01,
    0x00, 0x06, 0x00, 0x0F, 0x00, 0x01, 0x00, 0x01, 0x00, 0x3E, 0x00, 0x06, 0x00, 0x00, 0x00, 0x01,
    0x00, 0x08, 0x00, 0x01, 0x00, 0x8A, 0x00, 0x01, 0x00, 0x08, 0x00, 0x01, 0x00, 0x04, 0x00, 0x02,
    0x00, 0x6A, 0x00, 0x6A, 0x00, 0x01, 0x00, 0x00, 0x00, 0x01, 0x00, 0x00, 0x00, 0x4B, 0x00, 0x01,
    0x00, 0x00, 0x00, 0x01, 0x00, 0x08, 0x00, 0x01, 0x00, 0x66, 0x00, 0x1C, 0x00, 0x06, 0x00, 0x00,
    0x00, 0x01, 0x00, 0x08, 0x00, 0x01, 0x00, 0x58, 0x00, 0x01, 0x00, 0x08, 0x00, 0x01, 0x00, 0x04,
    0x00, 0x01, 0x00, 0x6A, 0x00, 0x01, 0x00, 0x00, 0x00, 0x01, 0x00, 0x00, 0x00, 0x4D, 0x00, 0x01,
    0x00, 0x00, 0x00, 0x01, 0x00, 0x08, 0x00, 0x01, 0x00, 0x36, 0x00, 0x1A, 0x00, 0x06, 0x00, 0x00,
    0x00, 0x01, 0x00, 0x08, 0x00, 0x01, 0x00, 0x28, 0x00, 0x01, 0x00, 0x08, 0x00, 0x01, 0x00, 0x04,
    0x00, 0x01, 0x00, 0x6A, 0x00, 0x01, 0x00, 0x00, 0x00, 0x01, 0x00, 0x00, 0x00, 0x4F, 0x00, 0x01,
    0x00, 0x00, 0x00, 0x01, 0x00, 0x08, 0x00, 0x01, 0x00, 0x06, 0x00, 0x25, 0x00, 0x01, 0x00, 0x01,
    0x00, 0x44, 0x00, 0x06, 0x00, 0x00, 0x00, 0x01, 0x00, 0x08, 0x00, 0x01, 0x00, 0x28, 0x00, 0x01,
    0x00, 0x08, 0x00, 0x01, 0x00, 0x04, 0x00, 0x01, 0x00, 0x6A, 0x00, 0x01, 0x00, 0x00, 0x00, 0x01,
    0x00, 0x00, 0x00, 0x51, 0x00, 0x01, 0x00, 0x00, 0x00, 0x01, 0x00, 0x08, 0x00, 0x01, 0x00, 0x06,
    0x00, 0x11, 0x00, 0x01, 0x00, 0x01, 0x00, 0x55, 0x00, 0x06, 0x00, 0x00, 0x00, 0x01, 0x00, 0x08,
    0x00, 0x01, 0x00, 0x6C, 0x00, 0x01, 0x00, 0x08, 0x00, 0x01, 0x00, 0x04, 0x00, 0x01, 0x00, 0x6A,
    0x00, 0x01, 0x00, 0x00, 0x00, 0x01, 0x00, 0x00, 0x00, 0x53, 0x00, 0x01, 0x00, 0x00, 0x00, 0x01,
    0x00, 0x08, 0x00, 0x01, 0x00, 0x4A, 0x00, 0x26, 0x00, 0x06, 0x00, 0x00, 0x00, 0x01, 0x00, 0x08,
    0x00, 0x01, 0x00, 0x28, 0x00, 0x01, 0x00, 0x08, 0x00, 0x01, 0x00, 0x04, 0x00, 0x01, 0x00, 0x6A,
    0x00, 0x01, 0x00, 0x00, 0x00, 0x01, 0x00, 0x00, 0x00, 0x55, 0x00, 0x01, 0x00, 0x00, 0x00, 0x01,
    0x00, 0x08, 0x00, 0x01, 0x00, 0x06, 0x00, 0x11, 0x00, 0x01, 0x00, 0x01, 0x00, 0x3F, 0x00, 0x01,
    0x00, 0x00, 0x00, 0x01, 0x00, 0x08, 0x00, 0x01, 0x00, 0x06, 0xFF, 0xFB, 0x00, 0x01, 0x00, 0x01,
    0x00, 0x42, 0x00, 0x01, 0x00, 0x00, 0x00, 0x01, 0x00, 0x08, 0x00, 0x01, 0x00, 0x06, 0x00, 0x14,
    0x00, 0x02, 0x00, 0x01, 0x00, 0x15, 0x00, 0x1E, 0x00, 0x00, 0x00, 0x06, 0x00, 0x00, 0x00, 0x02,
    0x00, 0x0A, 0x00, 0x22, 0x00, 0x03, 0x00, 0x01, 0x00, 0x12, 0x00, 0x01, 0x00, 0x42, 0x00, 0x00,
    0x00, 0x01, 0x00, 0x00, 0x00, 0x59, 0x00, 0x01, 0x00, 0x01, 0x00, 0x3D, 0x00, 0x03, 0x00, 0x01,
    0x00, 0x12, 0x00, 0x01, 0x00, 0x2A, 0x00, 0x00, 0x00, 0x01, 0x00, 0x00, 0x00, 0x5A, 0x00, 0x02,
    0x00, 0x01, 0x00, 0x1F, 0x00, 0x28, 0x00, 0x00, 0x00, 0x01, 0x00, 0x00, 0x00, 0x01, 0x00, 0x08,
    0x00, 0x01, 0x00, 0x06, 0xFF, 0xF6, 0x00, 0x02, 0x00, 0x01, 0x00, 0x29, 0x00, 0x32, 0x00, 0x00,
};

static const size_t JetBrainsMonoFontSize = sizeof(JetBrainsMonoFont);
